NO;SOURCE;FID;OBJECTID;Kota/Kabupaten;Provinsi;Name;HC;DC/DC_B;DCA;SC;SP;FS/MA;OT;R;S;SI;RK;TOTAL ;PERHITUNGAN KUALITAS;KLASIFIKASI STATUS;STATUS;XXX;TIPE TERUMBU KARANG;Latitude;Longitude;;
1;BARAT;0;1;Sabang;Aceh;Rubiah 1;50.20000076;0;35.20000076;3.400000095;0;0;4.599999905;4.730000019;0.930000007;0;0.930000007;99.99000156;50%;Baik;Baik;TRUE;-;5.877197222;95.25989167;;
2;BARAT;1;2;Sabang;Aceh;Rubiah 2;1.330000043;0;0;0;0;0;10.65999985;18.65999985;0.129999995;0;69.19999695;99.97999668;1%;Buruk;Buruk;TRUE;-;5.881272222;95.25626667;;
3;BARAT;2;3;Sabang;Aceh;Seulako 1;12.86999989;87.12999725;0;0;0;0;0;0;0;0;0;99.99999714;13%;Buruk;Buruk;TRUE;-;5.893836111;95.25509167;;
4;BARAT;3;4;Sabang;Aceh;Seulako 2;45.86999893;48.13000107;0;0;0;0;0.200000003;0;0;0;0;94.2;49%;Sedang;Sedang;TRUE;-;5.892713889;95.25350278;;
5;BARAT;4;5;Lhokseumawe;Aceh;Titik 1;3.329999924;0.560000002;26.67000008;0;0;2.779999971;0.560000002;0;45.56000137;0;0;79.46000135;4%;Buruk;Buruk;TRUE;-;5.237259;96.467511;;
6;BARAT;5;6;Lhokseumawe;Aceh;Titik 2;8.890000343;0;71.11000061;0;0;11.10999966;0;0;4.440000057;0;0;95.55000067;9%;Buruk;Buruk;TRUE;-;5.235167;96.471132;;
7;BARAT;6;7;Lhokseumawe;Aceh;Titik 3;2.220000029;0;23.32999992;0;1.110000014;53.33000183;0;0;2.220000029;0;0;82.21000183;3%;Buruk;Buruk;TRUE;-;5.233236;96.473041;;
8;BARAT;7;8;Lhokseumawe;Aceh;Titik 4;0;0;48.88999939;0;0;1.110000014;1.110000014;0;13.32999992;0;0;64.43999934;0%;Buruk;Buruk;TRUE;-;5.231007;96.474903;;
9;BARAT;8;9;Lhok Keutapang;Aceh;Lhok Keutapang, Aceh;51.25;0;0;0;0;0;0;33.13000107;0;0;0;84.38000107;61%;Baik;Baik;TRUE;-;5.553222222;95.21205556;;
10;BARAT;9;10;Lhok Mata Ie;Aceh;Lhok Mata Ie, Aceh;58.13000107;0;0;0;0;0;0;31.87999916;0;0;0;90.01000023;65%;Baik;Baik;TRUE;-;5.571638889;95.22530556;;
11;BARAT;10;11;Pulau Tuan;Aceh;Pulau Tuan, Aceh;53.75;0;0;0;0;0;0;3.75;0;0;0;57.5;93%;Baik Sekali;Baik;FALSE;-;5.571583333;95.22544444;;
12;BARAT;11;12;Pulo Kayee;Aceh;pulo kayeh Stasiun 1;58.75;0;28.75;0;0;0;0;7.5;0;0;0;95;62%;Baik;Baik;TRUE;-;2.883819444;97.519525;;
13;BARAT;12;13;Pulo Kayee;Aceh;pulau kayeh Stasiun 2;51.88000107;0;24.37999916;0;0;0;0;15.63000011;0;0;0;91.89000034;56%;Baik;Baik;TRUE;-;2.880686111;97.51755;;
14;BARAT;13;14;Bireuen;Aceh;Bireuen Stasiun 1;24.54999924;0;0;0;0;0;0;0;0;0;0;24.54999924;100%;Baik Sekali;Sedang;FALSE;-;5.236105556;96.46941639;;
15;BARAT;14;15;Bireuen;Aceh;Bireuen Stasiun 2;34.34000015;0;0;0;0;0;0;0;0;0;0;34.34000015;100%;Baik Sekali;Sedang;FALSE;-;5.234144444;96.47150056;;
16;BARAT;15;16;Bireuen;Aceh;Bireuen Stasiun 3;19.80999947;0;0;0;0;0;0;0;0;0;0;19.80999947;100%;Baik Sekali;Buruk;FALSE;-;5.232488889;96.47303278;;
17;BARAT;16;17;Tapanuli Tengah;Sumatera Utara;Kel. Pondok Batu, Kec. Sarudik;36.66999817;0;30.87000084;0;0;0;0;14.27000046;0;0;0;81.80999947;45%;Sedang;Buruk;FALSE;-;1.69257;98.78528;;
18;BARAT;17;18;Tapanuli Tengah;Sumatera Utara;Kel. Hajoran, Kec. Pandan;11.80000019;0;33.40000153;0;0;0;0;8;0;0;0;53.20000172;22%;Buruk;Sedang;FALSE;-;1.65373;98.83044;;
19;BARAT;18;19;Tapanuli Tengah;Sumatera Utara;Desa Jago jago, Kec. Badiri;53.06999969;0.129999995;38.72999954;0;0;0;0;2;0;0;0;93.92999923;56%;Baik;Baik;TRUE;-;1.6043;98.80692;;
20;BARAT;19;20;Tapanuli Tengah;Sumatera Utara;Dsn Kp. Sawah, Desa Sitardas, Kec. Badiri;37.52999878;0;54.79999924;0;0;0;0;3.670000076;0;0;0;95.99999809;39%;Sedang;Sedang;TRUE;-;1.57729;98.77037;;98.77037
21;BARAT;20;21;Tapanuli Tengah;Sumatera Utara;Desa Sitardas, Kec. Badiri;39.59999847;0;34.27000046;0;0;0;0;14.13000011;0;0;0;87.99999905;45%;Sedang;Sedang;TRUE;-;1.57824;98.72071;;
22;BARAT;21;22;Tapanuli Tengah;Sumatera Utara;Dsn 07, Ds. Tapian Nauli I, Kec. Tapian Nauli;38.79999924;0.07;32.93000031;0;0;0;0;7.46999979;0;0;0;79.26999933;49%;Sedang;Sedang;TRUE;-;1.61525;98.6018;;98.6018
23;BARAT;22;23;Tapanuli Tengah;Sumatera Utara;Dsn 04, Ds. Tapian Nauli I, Kec. Tapian Nauli;36;0;26.12999916;0;0;0;0;8.329999924;0;0;0;70.45999908;51%;Baik;Sedang;FALSE;-;1.6405;98.59658;;98.59658
24;BARAT;23;24;Batam;Kepulauan Riau;BTMC01 (Pulau Abang);51.33000183;0.469999999;37.59999847;0;1.600000024;0.670000017;4.599999905;0.07;3.470000029;0.200000003;0;100.0100003;51%;Baik;Baik;TRUE;-;0.5357;104.2212;;
25;BARAT;24;25;Batam;Kepulauan Riau;BTMC02 (Pulau Abang);32.66999817;1.129999995;59.93000031;0.07;3.069999933;0.200000003;1.470000029;0.870000005;0.07;0.529999971;0;100.0099984;33%;Sedang;Rusak;FALSE;-;0.5413;104.2403;;
26;BARAT;25;26;Batam;Kepulauan Riau;BTMC03 (Pulau Abang Besar);41;0.930000007;33.66999817;0.07;8.729999542;0.469999999;3.069999933;2.869999886;6.53000021;1.399999976;1.269999981;100.0099977;41%;Sedang;Rusak;FALSE;-;0.5542;104.1893;;
27;BARAT;26;27;Batam;Kepulauan Riau;BTMC04 (Pulau Abang Besar);39.06999969;0.600000024;40.59999847;0;4.199999809;0.07;2.529999971;2.730000019;6.269999981;0.129999995;0.129999995;96.32999796;41%;Sedang;Rusak;FALSE;-;0.585;104.1763;;
28;BARAT;27;28;Batam;Kepulauan Riau;BTMC05 (Pulau Abang Besar);33.79999924;0.270000011;62.52999878;0;0.469999999;0.07;1;0;0;0;0;98.13999803;34%;Sedang;Rusak;FALSE;-;0.6045;104.202;;
29;BARAT;28;29;Batam;Kepulauan Riau;BTMC06 (Pulau Abang Besar);40.33000183;0.330000013;51.72999954;0;4.800000191;1.669999957;1.070000052;0.07;0;0;0;100.0000016;40%;Sedang;Rusak;FALSE;-;0.5818;104.2242;;
30;BARAT;29;30;Bintan;Kepulauan Riau;Pulau Sumpat;47.33000183;0;45.52999878;0.670000017;0.129999995;0.730000019;0.270000011;4.670000076;0.670000017;0;0;100.0000007;47%;Sedang;Sedang;TRUE;-;1.199333333;104.5284167;;
31;BARAT;30;31;Bintan;Kepulauan Riau;Utara Pulau Mapur;34;1.399999976;38.86999893;0.200000003;0.800000012;0.469999999;1.799999952;21.46999931;1;0;0;100.0099982;34%;Sedang;Sedang;TRUE;-;1.027472222;104.7849167;;
32;BARAT;31;32;Bintan;Kepulauan Riau;Selatan Pulau Mapur;60.47000122;0;33.13000107;0.730000019;2.329999924;0;0.670000017;0.129999995;2.529999971;0;0;99.99000221;60%;Baik;Baik;TRUE;-;0.963444444;104.849;;
33;BARAT;32;33;Bintan;Kepulauan Riau;Pengudang;7.730000019;0;42.47000122;1.529999971;0.469999999;2.470000029;1.330000043;10.86999989;33.13000107;0;0;100.0000022;8%;Buruk;Buruk;TRUE;-;1.183916667;104.51375;;
34;BARAT;33;34;Bintan;Kepulauan Riau;Utara Pulau Mapur;26.53000069;2.799999952;51.72999954;0;4.130000114;0.270000011;5.53000021;7.869999886;1.129999995;0;0;99.9900004;27%;Sedang;Sedang;TRUE;-;1.018444444;104.8241111;;
35;BARAT;34;35;Bintan;Kepulauan Riau;Selatan Pulau Mapur;58.93000031;0;24.06999969;0;1.070000052;0;1.330000043;14.13000011;0.469999999;0;0;100.0000002;59%;Baik;Baik;TRUE;-;0.950916667;104.8288889;;
36;BARAT;35;36;Bintan;Kepulauan Riau;Pulau Pangkil;64.19999695;0;23.60000038;0.330000013;1.669999957;0;1.269999981;7.46999979;1.470000029;0;0;100.0099971;64%;Baik;Baik;TRUE;-;0.943555556;104.7330556;;
37;BARAT;36;37;Bintan;Kepulauan Riau;Pulau Cempedak;28.60000038;0.349999994;32.90999985;0.560000002;0.709999979;0.920000017;0.07;17.65999985;18.21999931;0;0;99.99999938;29%;Sedang;Sedang;TRUE;-;0.847944444;104.7040278;;
38;BARAT;37;38;Bintan;Kepulauan Riau;Pulau Senjolong;25.60000038;0;30.12999916;0;0.400000006;0;3.069999933;40.47000122;0.330000013;0;0;100.0000007;26%;Sedang;Sedang;TRUE;-;0.779;104.6276944;;
39;BARAT;38;39;Anambas dan Natuna;Kepulauan Riau;Utara Pulau Mubur;65;0;0;0;0;0;0;0;0;0;0;65;100%;Baik Sekali;Baik;FALSE;-;3.120305556;105.6488611;;
40;BARAT;39;40;Anambas dan Natuna;Kepulauan Riau;Pulau Semut;50;0;0;0;0;0;0;0;0;0;0;50;100%;Baik Sekali;Baik;FALSE;-;3.224388889;106.2429444;;
41;BARAT;40;41;Anambas dan Natuna;Kepulauan Riau;Pulau Pejantai;40;0;0;0;0;0;0;0;0;0;0;40;100%;Baik Sekali;Sedang;FALSE;-;0.131777778;107.2190556;;
42;BARAT;41;42;Anambas dan Natuna;Kepulauan Riau;Palah;40;0;0;0;0;0;0;0;0;0;0;40;100%;Baik Sekali;Sedang;FALSE;-;3.207416667;106.2604444;;
43;BARAT;42;43;Anambas dan Natuna;Kepulauan Riau;Matak Base;30;0;0;0;0;0;0;0;0;0;0;30;100%;Baik Sekali;Sedang;FALSE;-;3.340833333;106.2647778;;
44;BARAT;43;44;Anambas dan Natuna;Kepulauan Riau;Bayat;20;0;0;0;0;0;0;0;0;0;0;20;100%;Baik Sekali;Buruk;FALSE;-;3.311138889;106.1806389;;
45;BARAT;44;45;Anambas dan Natuna;Kepulauan Riau;Selat Matak;30;0;0;0;0;0;0;0;0;0;0;30;100%;Baik Sekali;Sedang;FALSE;-;3.33625;106.2407778;;
46;BARAT;45;46;Anambas dan Natuna;Kepulauan Riau;Butun;70;0;0;0;0;0;0;0;0;0;0;70;100%;Baik Sekali;Baik;FALSE;-;3.264138889;106.2368333;;
47;BARAT;46;47;Anambas dan Natuna;Kepulauan Riau;Tanjung Pedas;39;0;0;0;0;0;0;0;0;0;0;39;100%;Baik Sekali;Sedang;FALSE;-;3.092277778;105.6693056;;
48;BARAT;47;48;Anambas dan Natuna;Kepulauan Riau;Tarempa - Tanjung Momong;20;0;0;0;0;0;0;0;0;0;0;20;100%;Baik Sekali;Buruk;FALSE;-;3.231361111;106.232;;
49;BARAT;48;49;Anambas dan Natuna;Kepulauan Riau;Tarempa - Tellayan;21;0;0;0;0;0;0;0;0;0;0;21;100%;Baik Sekali;Buruk;FALSE;-;3.232138889;106.2269722;;
50;BARAT;49;50;Anambas dan Natuna;Kepulauan Riau;Selat Peninting;40;0;0;0;0;0;0;0;0;0;0;40;100%;Baik Sekali;Sedang;FALSE;-;3.227388889;106.2669167;;
51;BARAT;50;51;Anambas dan Natuna;Kepulauan Riau;Barat Arung Hijau;40;0;0;0;0;0;0;0;0;0;0;40;100%;Baik Sekali;Sedang;FALSE;-;3.17125;106.2084444;;
52;BARAT;51;52;Anambas dan Natuna;Kepulauan Riau;Pulau Genting Unyut;70;0;0;0;0;0;0;0;0;0;0;70;100%;Baik Sekali;Baik;FALSE;-;3.143666667;106.0821667;;
53;BARAT;52;53;Anambas dan Natuna;Kepulauan Riau;Timur Pulau Lingai;51;0;0;0;0;0;0;0;0;0;0;51;100%;Baik Sekali;Baik;FALSE;-;3.1175;106.1168056;;
54;BARAT;53;54;Anambas dan Natuna;Kepulauan Riau;Tiangau;23;0;0;0;0;0;0;0;0;0;0;23;100%;Baik Sekali;Buruk;FALSE;-;3.103083333;106.2419167;;
55;BARAT;54;55;Anambas dan Natuna;Kepulauan Riau;Air Bini;35;0;0;0;0;0;0;0;0;0;0;35;100%;Baik Sekali;Sedang;FALSE;-;3.225611111;106.2134722;;
56;BARAT;55;56;Anambas dan Natuna;Kepulauan Riau;Pulau Lima;60;0;0;0;0;0;0;0;0;0;0;60;100%;Baik Sekali;Baik;FALSE;-;2.523916667;106.0492222;;
57;BARAT;56;57;Anambas dan Natuna;Kepulauan Riau;Pulau Telaga;55;0;0;0;0;0;0;0;0;0;0;55;100%;Baik Sekali;Baik;FALSE;-;3.054361111;105.96825;;
58;BARAT;57;58;Anambas dan Natuna;Kepulauan Riau;Tenggara Pulau Telaga;51;0;0;0;0;0;0;0;0;0;0;51;100%;Baik Sekali;Baik;FALSE;-;3.038694444;105.9816111;;
59;BARAT;58;59;Lingga;Kepulauan Riau;Desa Penaah;54.52999878;0.07;36.06999969;0;0;0;0;0.07;0;0;0;90.73999847;60%;Baik;Baik;TRUE;-;-0.0833;104.8612;;
60;BARAT;59;60;Lingga;Kepulauan Riau;Pulau Kongka Kecil;43.72999954;0.07;33.72999954;0;0;0;0;0;0;0;0;77.52999908;56%;Baik;Sedang;FALSE;-;-0.0635;104.8455;;
61;BARAT;60;61;Lingga;Kepulauan Riau;Pulau Berang;51.40000153;0.270000011;31.53000069;0;0;0;0;0.07;0;0;0;83.27000222;62%;Baik;Baik;TRUE;-;-0.0185;104.6593;;
62;BARAT;61;62;Lingga;Kepulauan Riau;Pulau Alut;24.06999969;0;48.79999924;0;0;0;0;0;0;0;0;72.86999893;33%;Sedang;Buruk;FALSE;-;-0.0521;104.6914;;
63;BARAT;62;63;Lingga;Kepulauan Riau;Pulau Buluh;62.72999954;0.870000005;30.87000084;0;0;0;0;0;0;0;0;94.47000039;66%;Baik;Baik;TRUE;-;-0.1213;104.9068;;
64;BARAT;63;64;Lingga;Kepulauan Riau;Pulau Ujung Beting;51.72999954;0;35.06999969;0;0;0;0;0;0;0;0;86.79999924;60%;Baik;Baik;TRUE;-;-0.0871;104.688;;
65;BARAT;64;65;Lingga;Kepulauan Riau;Pulau Buli (Selat Dasi);36.33000183;0.330000013;43.52999878;0;0;0;0;0.529999971;0;0;0;80.72000059;45%;Sedang;Sedang;TRUE;-;0.06168;104.5233;;
66;BARAT;65;66;Lingga;Kepulauan Riau;Pulau Gaja;31.87000084;0.07;31.67000008;0;0;0;0;0.469999999;0;0;0;64.08000091;50%;Sedang;Sedang;TRUE;-;0.04197;104.5123;;
67;BARAT;66;67;Lingga;Kepulauan Riau;Pulau Candur;43;0;42.13000107;0;0;0;0;0.129999995;0;0;0;85.26000106;50%;Baik;Sedang;FALSE;-;0.09963;104.7307;;
68;BARAT;67;68;Lingga;Kepulauan Riau;Pulau Semakau;56.33000183;0.129999995;30.87000084;0;0;0;0;0.129999995;0;0;0;87.46000266;64%;Baik;Baik;TRUE;-;0.08223;104.7355;;
69;BARAT;68;69;Lingga;Kepulauan Riau;Pulau Kentar SNLCC;64.80000305;0.670000017;28.39999962;0;0;0;0;0.270000011;0;0;0;94.1400027;69%;Baik;Baik;TRUE;-;0.04852;104.7559;;
70;BARAT;69;70;Lingga;Kepulauan Riau;Pulau Kentar SNLCD;28.93000031;0;45.59999847;0;0;0;0;0;0;0;0;74.52999878;39%;Sedang;Sedang;TRUE;-;0.03061;104.7775;;
71;BARAT;70;71;Bangka;Kepulauan Bangka Belitung;Gusung Perlang Barat;30.79999924;0;42.13000107;0.400000006;14.86999989;0;2.869999886;3.130000114;5.800000191;0;0;100.0000004;31%;Sedang;Sedang;TRUE;-;-2.485153;106.5287806;;
72;BARAT;71;72;Bangka;Kepulauan Bangka Belitung;Gusung Perlang Timur;60.86999893;0;30.46999931;0;0.600000024;0;2.269999981;3.200000048;2.599999905;0;0;100.0099982;61%;Baik;Baik;TRUE;-;-2.471497;106.558072;;
73;BARAT;72;73;Bangka;Kepulauan Bangka Belitung;Gusung Asem;56.66999817;0.600000024;31.53000069;0;0.600000024;0;0.930000007;9.199999809;1.070000052;0;0;100.5999988;56%;Baik;Baik;TRUE;-;-2.250625;106.348175;;
74;BARAT;73;74;Bangka;Kepulauan Bangka Belitung;Ketawai Utara;39.79000092;0;44.59000015;0;0.600000024;0;0.730000019;10.07999992;4.210000038;0;0;100.0000011;40%;Sedang;Sedang;TRUE;-;-2.262492;106.334097;;
75;BARAT;74;75;Bangka;Kepulauan Bangka Belitung;Ketawai Timur;39.86999893;0;39;0;0.800000012;0.07;1.269999981;4.869999886;14.13000011;0;0;100.0099989;40%;Sedang;Sedang;TRUE;-;-2.270928;106.3365222;;
76;BARAT;75;76;Bangka;Kepulauan Bangka Belitung;Semujur Tenggara;2.339999914;0;13.85000038;0;0;71.76999664;2.069999933;3.549999952;6.420000076;0;0;99.9999969;2%;Buruk;Buruk;TRUE;-;-2.165969;106.306953;;
77;BARAT;76;77;Bangka;Kepulauan Bangka Belitung;Semujur Utara;36.06999969;0;48;0;0.670000017;0;0;4.599999905;10.67000008;0;0;100.0099997;36%;Sedang;Sedang;TRUE;-;-2.151903;106.294078;;
78;BARAT;77;78;Belitung;Kepulauan Bangka Belitung;Pulau Salema;78.19999695;0.200000003;17.72999954;0.129999995;0;0;1;2.400000095;0.330000013;0;0;99.9899966;78%;Baik Sekali;Baik Sekali;TRUE;-;-2.988544;107.105369;;
79;BARAT;78;79;Belitung;Kepulauan Bangka Belitung;Pulau Kalabau;56.86999893;0;37;0;0.529999971;0;0.200000003;5.400000095;0;0;0;99.999999;57%;Baik;Baik;TRUE;-;-3.023592;107.162711;;
80;BARAT;79;80;Belitung;Kepulauan Bangka Belitung;Bangkai;69.55999756;0;24.03000069;0;0.200000003;0;0.870000005;4.610000134;0.730000019;0;0;99.99999841;70%;Baik;Baik;TRUE;-;-3.037092;107.345344;;
81;BARAT;80;81;Belitung;Kepulauan Bangka Belitung;Pulau Kuil;39.25;0;17.81999969;0.07;0;0.270000011;0.129999995;42.38999939;0.07;0;0;99.99999909;39%;Sedang;Sedang;TRUE;-;-2.977872;107.13205;;
82;BARAT;81;82;Belitung;Kepulauan Bangka Belitung;Pulau Panjang;55.59999847;0;31.53000069;0;0.200000003;0;0.07;12.60000038;0;0;0;99.99999955;56%;Baik;Baik;TRUE;-;-3.050519;107.357047;;
83;BARAT;82;83;Belitung;Kepulauan Bangka Belitung;Pulau Buntar;57.93000031;0;32.20000076;0;0;0;0;8.930000305;0.930000007;0;0;99.99000138;58%;Baik;Baik;TRUE;-;-3.057411;107.3651639;;
84;BARAT;83;84;Belitung;Kepulauan Bangka Belitung;Pulau Kimar;39.06999969;0;56.27000046;0;0.07;0.07;0.529999971;3.069999933;0.930000007;0;0;100.0100001;39%;Sedang;Sedang;TRUE;-;-2.96855;107.2265194;;
85;BARAT;84;85;Belitung;Kepulauan Bangka Belitung;Pulau Aur;13.72999954;0;51.47000122;0.07;0;0.870000005;1.799999952;31;1.070000052;0;0;100.0100008;14%;Buruk;Buruk;TRUE;-;-2.985628;107.231294;;
86;BARAT;85;86;Belitung;Kepulauan Bangka Belitung;Pulau Gersik;36.47000122;0;51.33000183;6.199999809;0.200000003;0;2.670000076;3.130000114;0;0;0;100.0000031;36%;Sedang;Sedang;TRUE;-;-2.992678;107.267964;;
87;BARAT;86;87;Padang;Sumatera Barat;Pulau Siloniak;12;0;56.33000183;0;4.269999981;0;4.670000076;10.39999962;12.19999981;0.129999995;0;100.0000013;12%;Buruk;Buruk;TRUE;-;-1.781222;99.293778;;
88;BARAT;87;88;Padang;Sumatera Barat;Pulau Mainuk;62.66999817;0;13.32999992;0;2.869999886;0.200000003;1.269999981;15.80000019;3.869999886;0;0;100.009998;63%;Baik;Baik;TRUE;-;-1.843806;99.314472;;
89;BARAT;88;89;Padang;Sumatera Barat;Pulau Pananggalat Besar;59.13000107;0.07;31.67000008;0;1.070000052;0;2.470000029;4.929999828;0.670000017;0;0;100.0100011;59%;Baik;Baik;TRUE;-;-1.899889;99.311556;;
90;BARAT;89;90;Padang;Sumatera Barat;Pulau Hawera;37.47000122;0;17.72999954;0;10.60000038;0.07;0.529999971;7.599999905;26;0;0;100.000001;37%;Sedang;Sedang;TRUE;-;-2.019639;99.575944;;
91;BARAT;90;91;Padang;Sumatera Barat;Pulau Siburu;20.53000069;0;28.53000069;0;16.79999924;0;2.200000048;16.20000076;15.72999954;0;0;99.99000096;21%;Buruk;Buruk;TRUE;-;-1.990972;99.585944;;
92;BARAT;91;92;Padang;Sumatera Barat;Bukit Siteut;12.86999989;0.07;45.20000076;0;14;0.07;5.199999809;17.72999954;4.869999886;0;0;100.0099999;13%;Buruk;Buruk;TRUE;-;-2.017083;99.611611;;
93;BARAT;92;93;Mentawai;Sumatera Barat;MTWC01 (perairan Pulau Simakakang);28.67000008;0.07;21.46999931;0;0;0;0;13.32999992;0;0;0;63.53999931;45%;Sedang;Sedang;TRUE;-;-2.00214;99.57481;;
94;BARAT;93;94;Mentawai;Sumatera Barat;MTWC02 (perairan Pulau Hawera);2.130000114;0;55.13000107;0;0;0;0;9.729999542;0;0;0;66.99000072;3%;Buruk;Buruk;TRUE;-;-2.025;99.5778;;
95;BARAT;94;95;Mentawai;Sumatera Barat;MTWC03 (perairan Pulau Siburu);2.400000095;0;72.66999817;0;0;0;0;13.67000008;0;0;0;88.73999834;3%;Buruk;Buruk;TRUE;-;-1.98093;99.59967;;
96;BARAT;95;96;Mentawai;Sumatera Barat;MTWC04 (perairan Pukarayat);2.670000076;0;21.79999924;0;0;0;0;29.27000046;0;0;0;53.73999977;5%;Buruk;Buruk;TRUE;-;-2.14322;99.54128;;
97;BARAT;96;97;Mentawai;Sumatera Barat;MTWC05 (perairan Pitojat Besar);44.13000107;0;27.27000046;0;0;0;0;1.730000019;0;0;0;73.13000154;60%;Baik;Sedang;FALSE;-;-2.133;99.537;;
98;BARAT;97;98;Mentawai;Sumatera Barat;MTWC06 (perairan Masilok);6;0;36.06999969;0;0;0;0;51.86999893;0;0;0;93.93999863;6%;Buruk;Buruk;TRUE;-;-1.69577;99.3011;;
99;BARAT;98;99;Mentawai;Sumatera Barat;MTWC07( perairan Malilimok);44.68000031;0;39.5;0;0;0;0;11.88000011;0;0;0;96.06000042;47%;Sedang;Sedang;TRUE;-;-1.75085;99.27022;;
100;BARAT;99;100;Mentawai;Sumatera Barat;MTWC08 (perairan Pulau Nyangnyang);1.399999976;0.07;46.66999817;0;0;0;0;24.53000069;0;0;0;72.66999883;2%;Buruk;Buruk;TRUE;-;-1.81112;99.2915;;
101;BARAT;100;101;Mentawai;Sumatera Barat;MTWC09 (perairan Pulau Botik);1.730000019;0;23.12999916;0;0;0;0;39.40000153;0;0;0;64.26000071;3%;Buruk;Buruk;TRUE;-;-1.87213;99.28552;;
102;BARAT;101;102;Pulau Dua;Bengkulu;Pulau Dua. Bengkulu Stasiun 1;23.60000038;0;0;0;0;0;0;75.98000336;0;0;0;99.58000374;24%;Buruk;Buruk;TRUE;-;-5.4368;102.3924333;;
103;BARAT;102;103;Pulau Dua;Bengkulu;Pulau Dua. Bengkulu Stasiun 2;48.81999969;0;21.12000084;0;0;0;0;0;0;0;0;69.94000053;70%;Baik;Buruk;FALSE;-;-5.448683333;102.3890833;;
104;BARAT;103;104;Pulau Dua;Bengkulu;Pulau Dua. Bengkulu Stasiun 3;24.23999977;63.59999847;0;0;0;0;0;0;0;0;0;87.83999825;28%;Sedang;Buruk;FALSE;-;-5.43575;102.3932;;
105;BARAT;104;105;Sebesi;Lampung;Cemara;43.72999954;22.06999969;0;0;0.07;0;24.12999916;10;0;0;0;99.9999984;44%;Sedang;Sedang;TRUE;-;-5.943361111;105.5174722;;
106;BARAT;105;106;Sebesi;Lampung;Geligi;51.72999954;42.40000153;1;1.399999976;3.470000029;0;0;0;0;0;0;100.0000011;52%;Baik;Baik;TRUE;-;-5.881444444;105.5326111;;
107;BARAT;106;107;Sebesi;Lampung;Kayu Duri;79.66999817;7.730000019;1.929999948;0;0;0;6.130000114;4.53000021;0;0;0;99.98999846;80%;Baik Sekali;Baik Sekali;TRUE;-;-5.92375;105.5081667;;
108;BARAT;107;108;Sebesi;Lampung;Sebuku Kecil;26.20000076;33;4.730000019;0.07;20.32999992;0.200000003;14.47000027;1;0;0;0;100.000001;26%;Sedang;Sedang;TRUE;-;-5.880222222;105.5407778;;
109;BARAT;108;109;Sebesi;Lampung;Teluk Bera;19.06999969;19.32999992;0;0.129999995;0.07;0;57.86999893;3.529999971;0;0;0;99.99999852;19%;Buruk;Buruk;TRUE;-;-5.862583333;105.5397778;;
110;BARAT;109;110;Sebesi;Lampung;Umang-Umang;70.87000275;5.269999981;2.799999952;0;0.270000011;0;16.12999916;4.670000076;0;0;0;100.0100019;71%;Baik;Baik;TRUE;-;-5.930138889;105.5151389;;
111;BARAT;110;111;Teluk Lampung;Lampung;Hurun;36.06000137;0;24.87000084;0;0;0;0;7.380000114;0;0;0;68.31000233;53%;Baik;Sedang;FALSE;-;-5.9522;105.2569444;;
112;BARAT;111;112;Teluk Lampung;Lampung;Pandan (Keramba lama);35.72000122;0;25.87000084;0;0;0;0;19.76000023;0;0;0;81.35000229;44%;Sedang;Sedang;TRUE;-;-6.1427;105.4138889;;
113;BARAT;112;113;Teluk Lampung;Lampung;Muara S. Belakang BBPBL;21.12000084;0;40.63999939;0;0;0;0;1.559999943;0;0;0;63.32000017;33%;Sedang;Buruk;FALSE;-;-6.1427;105.4667988;;
114;BARAT;113;114;Teluk Lampung;Lampung;Daerah RKC;39.34999847;0;25.88999939;0;0;0;0;4.460000038;0;0;0;69.6999979;56%;Baik;Sedang;FALSE;-;-6.1427;105.4668;;
115;BARAT;114;115;Teluk Lampung;Lampung;Ringgung;22.12000084;0;38.95999908;0;0;0;0;0;0;0;0;61.07999992;36%;Sedang;Buruk;FALSE;-;-6.1427;105.4667988;;
116;BARAT;115;116;Teluk Lampung;Lampung;Muara S Kebang Sidodadi;8.75;0;48.24000168;0;0;0;0;0;0;0;0;56.99000168;15%;Buruk;Sedang;FALSE;-;-6.1427;105.4667988;;
117;BARAT;116;117;Teluk Lampung;Lampung;Bagian Luar Pulau Tegal;33.45999908;0;28.60000038;0;0;0;0;0;0;0;0;62.05999947;54%;Baik;Sedang;FALSE;-;-6.1427;105.4668;;
118;BARAT;117;118;Teluk Lampung;Lampung;Pulau Maitem;45.47000122;0;16.23999977;0;0;0;0;10.38000011;0;0;0;72.09000111;63%;Baik;Sedang;FALSE;-;-5.585;105.4668;;
119;BARAT;118;119;Teluk Lampung;Lampung;Pulau Kelagian;60.84999847;0;15.64999962;0;0;0;0;1.440000057;0;0;0;77.93999815;78%;Baik Sekali;Baik;FALSE;-;-5.619638889;105.2180556;;
120;BARAT;119;120;Teluk Lampung;Lampung;Pulau Pahawang;55.74000168;0;14.5;0;0;0;0;3.890000105;0;0;0;74.13000178;75%;Baik Sekali;Sedang;FALSE;-;-6.017297222;105.2041667;;
121;BARAT;120;121;Pulau Tunda;Banten;Pulau Tunda. Banten St. 1;31.47999954;12.22000027;44.06999969;0;0;12.22000027;0.74000001;8.25;2.25;0.980000019;0;112.2099998;28%;Sedang;Sedang;TRUE;-;-5.810427778;106.2534361;;
122;BARAT;121;122;Pulau Tunda;Banten;Pulau Tunda. Banten St. 2;14.67000008;0;37.66999817;0;0;5.329999924;1.330000043;34.16999817;3.109999895;3.720000029;0;99.9999963;15%;Buruk;Buruk;TRUE;-;-5.812730556;106.2606639;;
123;BARAT;122;123;Pulau Tunda;Banten;Pulau Tunda. Banten St. 3;7.579999924;0;24.85000038;0;0;7.880000114;0;34.13000107;15.52999973;10.03999996;0;100.0100012;8%;Buruk;Buruk;TRUE;-;-5.815752778;106.2749611;;
124;BARAT;123;124;Pulau Tunda;Banten;Pulau Tunda. Banten St. 4;38.18000031;0;36.36000061;0;0;3.640000105;3.940000057;13.35000038;2.880000114;165;0;263.3500016;14%;Buruk;Sedang;FALSE;-;-5.8169;106.2883694;;
125;BARAT;124;125;Pulau Tunda;Banten;Pulau Tunda. Banten St. 5;55.09999847;0;24.85000038;0;0;0;9.760000229;6.170000076;1.049999952;4.059999943;0;100.9899991;55%;Baik;Baik;TRUE;-;-5.811741667;106.2964361;;
126;BARAT;125;126;Pulau Tunda;Banten;Pulau Tunda. Banten St. 6;47.58000183;0;25.14999962;0;0;6.96999979;8.180000305;6.260000229;2.25999999;3.599999905;0;100.0000017;48%;Sedang;Sedang;TRUE;-;-5.808977778;106.2905167;;
127;BARAT;126;127;Pulau Tunda;Banten;Pulau Tunda. Banten St. 7;2.730000019;1;51.81999969;3.940000057;0;7.579999924;2.420000076;13.64999962;7.159999847;9.800000191;0;100.0999994;3%;Buruk;Buruk;TRUE;-;-5.807988889;106.2797806;;
128;BARAT;127;128;Pulau Tunda;Banten;Pulau Tunda. Banten St. 8;2.970000029;1.210000038;44.84999847;0;0;6.059999943;4.849999905;18.22999954;8.609999657;9.220000267;0;95.99999785;3%;Buruk;Buruk;TRUE;-;-5.808041667;106.264225;;
129;BARAT;128;129;Ujung Genteng;Jawa Barat;Ujung Genteng. Sukabumi. Jawa Barat;9.18999958;0;7.775000095;0;0;0;0;17.79599953;0;0;0;34.7609992;26%;Sedang;Buruk;FALSE;-;-7.364622222;106.4012194;;
130;BARAT;129;130;Kepulauan Seribu;;Pulau Kelapa;13.72999954;0.409999996;25.56999969;0.709999979;0.589999974;5.789999962;2.559999943;47.15999985;3.49000001;0;0;100.0099989;14%;Buruk;Buruk;TRUE;-;-5.658694444;106.5824167;;
131;BARAT;130;131;Kepulauan Seribu;;Pulau Panggang;55.36999893;0.25999999;12.14999962;1.779999971;1.889999986;7.440000057;1.409999967;18.78000069;0.930000007;0;0;100.0099992;55%;Baik;Baik;TRUE;-;-5.748333333;106.5968333;;
132;BARAT;131;132;Kepulauan Seribu;;Pulau Lancang Besar;6.260000229;0;0.25999999;14.85999966;0;1.269999981;1.350000024;3.25999999;38.43999863;26.56999969;0;92.26999819;7%;Buruk;Buruk;TRUE;-;-5.927972222;106.57975;;
133;BARAT;132;133;Kepulauan Seribu;;Pulau Payung;12.46000004;1.799999952;14.85999966;0;1.269999981;1.350000024;3.25999999;38.43999863;26.56999969;0;0;100.009998;12%;Buruk;Buruk;TRUE;-;-5.822305556;106.54975;;
134;BARAT;133;134;Kepulauan Seribu;;Pulau Pramuka;3.039999962;0;9.220000267;0.479999989;1.149999976;29.52000046;0.930000007;48.11000061;7.559999943;0;0;100.0100012;3%;Buruk;Buruk;TRUE;-;-5.751111111;106.6095833;;
135;BARAT;134;135;Kepulauan Seribu;;Pulau Tidung Besar;43.90999985;0.300000012;15.03999996;0.150000006;2.230000019;0.07;0.970000029;36;1.340000033;0;0;100.0099999;44%;Sedang;Sedang;TRUE;-;-5.793944444;106.4916667;;
136;BARAT;135;136;Kepulauan Seribu;;Pulau Tidung Kecil;34.31000137;0.330000013;11.52000046;1.110000014;1.299999952;0.109999999;1.590000033;49.27999878;0.370000005;0;0;99.92000063;34%;Sedang;Sedang;TRUE;-;-5.799833333;106.5190278;;
137;BARAT;136;137;Kepulauan Seribu;;Pulau Untung Jawa;1.070000052;0.219999999;58.66999817;0.74000001;0.109999999;0.039999999;4.559999943;30.52000046;4.070000172;0;0;99.9999988;1%;Buruk;Buruk;TRUE;-;-5.974666667;106.7118611;;
138;BARAT;137;138;Kepulauan Seribu;;Pulau Pari;3.109999895;0;17.87000084;0.25999999;0.670000017;0;1.590000033;73.98000336;2.519999981;0;0;100.0000041;3%;Buruk;Buruk;TRUE;-;-5.871972222;106.6096389;;
139;BARAT;138;139;Kepulauan Seribu;;Pulau Bira;32.50999832;10.23999977;6.239999771;1.75;2.25;0;0;28;7.099999905;0;0;88.08999777;37%;Sedang;Sedang;TRUE;-;-6.005413889;106.7823889;;
140;BARAT;139;140;Karimunjawa;Jawa Tengah;Taka Nyamplungan;78.40000153;1.330000043;18.72999954;0;0;0;0;0.330000013;0;0;0;98.79000112;79%;Baik Sekali;Baik Sekali;TRUE;-;-5.82036;110.43886;;
141;BARAT;140;141;Karimunjawa;Jawa Tengah;Gosong Cemara;56.52999878;0.870000005;28.60000038;0;0;0;0;1.600000024;0;0;0;87.59999919;65%;Baik;Baik;TRUE;-;-5.82441;110.38807;;
142;BARAT;141;142;Karimunjawa;Jawa Tengah;Pulau Cilik;78.59999847;0.07;15.93000031;0;0;0;0;0.469999999;0;0;0;95.06999878;83%;Baik Sekali;Baik Sekali;TRUE;-;-5.81809;110.51065;;
143;BARAT;142;143;Karimunjawa;Jawa Tengah;Pulau Tengah;73.47000122;1;23.06999969;0;0;0;0;1.330000043;0;0;0;98.87000096;74%;Baik;Baik;TRUE;-;-5.80683;110.50677;;
144;BARAT;143;144;Karimunjawa;Jawa Tengah;Pulau Bengkoang;74.93000031;2.930000067;19.32999992;0;0;0;0;0;0;0;0;97.1900003;77%;Baik Sekali;Baik;FALSE;-;-5.7416;110.40306;;
145;BARAT;144;145;Karimunjawa;Jawa Tengah;Sekitar Wreck Indonor;44.93000031;0.469999999;38.79999924;0;0;0;0;0.129999995;0;0;0;84.32999954;53%;Baik;Sedang;FALSE;-;-5.78146;110.46284;;
146;BARAT;145;146;Karimunjawa;Jawa Tengah;Pulau Kumbang;55.66999817;0.200000003;34.47000122;0;0;0;0;2.329999924;0;0;0;92.66999932;60%;Baik;Baik;TRUE;-;-5.76769;110.22619;;
147;BARAT;146;147;Karimunjawa;Jawa Tengah;Pulau Nyamuk;25.53000069;0;34.33000183;0;0;0;0;9.130000114;0;0;0;68.99000263;37%;Sedang;Sedang;TRUE;-;-5.81065;110.17932;;
148;BARAT;147;148;Karimunjawa;Jawa Tengah;Pulau Geleang;62.79999924;0.800000012;11.93000031;0;0;0;0;18.27000046;0;0;0;93.80000001;67%;Baik;Baik;TRUE;-;-5.87511;110.35144;;
149;BARAT;148;149;Karimunjawa;Jawa Tengah;Sekitar Dermaga ASDP;53.79999924;1.330000043;30.32999992;0;0;0;0;2.470000029;0;0;0;87.92999923;61%;Baik;Baik;TRUE;-;-5.8865;110.44186;;
150;BARAT;149;150;Karimunjawa;Jawa Tengah;Tanjung Gelam;44.33000183;0;0;0;0;0;0;0;0;0;0;44.33000183;100%;Baik Sekali;Sedang;FALSE;-;-5.837389;110.4097223;;
151;BARAT;150;151;Karimunjawa;Jawa Tengah;Batulawang;66.33000183;0;0;0;0;0;0;0;0;0;0;66.33000183;100%;Baik Sekali;Baik;FALSE;-;-5.788013;110.4800006;;
152;BARAT;151;152;Karimunjawa;Jawa Tengah;P Karimunjawa;46.29000092;0;0;0;0;0;0;0;0;0;0;46.29000092;100%;Baik Sekali;Sedang;FALSE;-;-5.859180556;110.4672222;;
153;BARAT;152;153;Karimunjawa;Jawa Tengah;P Menjangan Besar;42;0;0;0;0;0;0;0;0;0;0;42;100%;Baik Sekali;Sedang;FALSE;-;-5.895183333;110.4350972;;
154;BARAT;153;154;Karimunjawa;Jawa Tengah;P Menjangan Kecil;37.27000046;0;0;0;0;0;0;0;0;0;0;37.27000046;100%;Baik Sekali;Sedang;FALSE;-;-5.899116667;110.4078361;;
155;BARAT;154;155;Karimunjawa;Jawa Tengah;P Burung;26.18000031;0;0;1;0;0;0;0;0;0;0;27.18000031;96%;Baik Sekali;Sedang;FALSE;-;-5.892111111;110.34465;;
156;BARAT;155;156;Karimunjawa;Jawa Tengah;P Geleang;43.79999924;0;0;0;0;0;0;0;0;0;0;43.79999924;100%;Baik Sekali;Sedang;FALSE;-;-5.871152778;110.355525;;
157;BARAT;156;157;Karimunjawa;Jawa Tengah;P Cemara Kecil;53.13999939;0;0;0;0;0;0;0;0;0;0;53.13999939;100%;Baik Sekali; ;FALSE;-;-5.833552778;110.3788944;;
158;BARAT;157;158;Karimunjawa;Jawa Tengah;P Cemara Besar;48.63999939;0;0;0;0;0;0;0;0;0;0;48.63999939;100%;Baik Sekali; ;FALSE;-;-5.808544444;110.3746556;;
159;BARAT;158;159;Karimunjawa;Jawa Tengah;P Menyawakan;36.06000137;0;0;0;0;0;0;0;0;0;0;36.06000137;100%;Baik Sekali; ;FALSE;-;-5.799388889;110.3454944;;
160;BARAT;159;160;Karimunjawa;Jawa Tengah;P Kemujan;30.64999962;0;0;0;0;0;0;0;0;0;0;30.64999962;100%;Baik Sekali; ;FALSE;-;-5.797638889;110.4590333;;
161;BARAT;160;161;Karimunjawa;Jawa Tengah;P Bengkoang;50.29999924;0;0;0;0;0;0;0;0;0;0;50.29999924;100%;Baik Sekali; ;FALSE;-;-5.740741667;110.4039361;;
162;BARAT;161;162;Karimunjawa;Jawa Tengah;P Sintok;46.18000031;0;0;0;0;0;0;0;0;0;0;46.18000031;100%;Baik Sekali; ;FALSE;-;-5.786061111;110.5177833;;
163;BARAT;162;163;Karimunjawa;Jawa Tengah;P Tengah;46.83000183;0;0;0;0;0;0;0;0;0;0;46.83000183;100%;Baik Sekali; ;FALSE;-;-5.810605556;110.5109583;;
164;BARAT;163;164;Karimunjawa;Jawa Tengah;P Kecil;39.97999954;0;0;0;0;0;0;0;0;0;0;39.97999954;100%;Baik Sekali; ;FALSE;-;-5.821108333;110.5100139;;
165;BARAT;164;165;Karimunjawa;Jawa Tengah;P Parang;44.06999969;0;0;0;0;0;0;0;0;0;0;44.06999969;100%;Baik Sekali; ;FALSE;-;5.753158333;110.2564139;;
166;BARAT;165;166;Karimunjawa;Jawa Tengah;P Kembar;37.15999985;0;0;0;0;0;0;0;0;0;0;37.15999985;100%;Baik Sekali; ;FALSE;-;-5.746591667;110.1933639;;
167;BARAT;166;167;Karimunjawa;Jawa Tengah;P Nyamuk;42.20999908;0;0;0;0;0;0;0;0;0;0;42.20999908;100%;Baik Sekali; ;FALSE;-;-5.812788889;110.1797306;;
168;BARAT;167;168;Karimunjawa;Jawa Tengah;P Katang;41.66999817;0;0;0;0;0;0;0;0;0;0;41.66999817;100%;Baik Sekali; ;FALSE;-;-5.798744444;110.1621583;;
169;BARAT;168;169;Karimunjawa;Jawa Tengah;P Krakal Besar;50.27999878;0;0;0;0;0;0;0;0;0;0;50.27999878;100%;Baik Sekali; ;FALSE;-;-5.846927778;110.2407278;;
170;BARAT;169;170;Karimunjawa;Jawa Tengah;P Krakal Kecil;48.61999893;0;0;0;0;0;0;0;0;0;0;48.61999893;100%;Baik Sekali; ;FALSE;-;-5.860397222;110.2358944;;
171;BARAT;170;171;Karimunjawa;Jawa Tengah;P Kumbang;44.27000046;0;0;0;0;0;0;0;0;0;0;44.27000046;100%;Baik Sekali; ;FALSE;-;-5.774069444;110.2344222;;
172;BARAT;171;172;Gunungkidul;DIY;Pantai Wediombo;25.29000092;0;0;0;0;0;0;0;0;0;0;25.29000092;100%;Baik Sekali; ;FALSE;-;-8.186247222;110.7099;;
173;BARAT;172;173;Baluran;;Pantai Bama;45.66999817;20.27000046;0.400000006;1.529999971;0;0.270000011;16.72999954;15.13000011;0;0;0;99.99999827;46%;Sedang; ;FALSE;-;-7.845841667;114.4631194;;
174;BARAT;173;174;Baluran;;Pantai Bilik;55.09999847;25.75;0;2.940000057;0;0.25999999;11.10999966;4.840000153;0;0;0;99.99999833;55%;Baik; ;FALSE;-;-7.752777778;114.3787222;;
175;BARAT;174;175;Baluran;;Pantai Lempuyan;23.46999931;38.52999878;0.400000006;2.329999924;0;1.129999995;23.46999931;10.67000008;0;0;0;99.99999741;23%;Buruk; ;FALSE;-;-7.788888889;114.4383056;;
176;BARAT;175;176;Baluran;;Takat Tanjung Wedi;0.200000003;4.329999924;0.670000017;0.870000005;0.270000011;1.330000043;87.06999969;5.269999981;0;0;0;100.0099997;0%;Buruk; ;FALSE;-;-7.915222222;114.4386389;;
177;BARAT;176;177;Pulau Kangean;Sumenep;Pulau Kangean. SumenepTitik 1;72.04000092;0;0;0;0;0;0;0;0;0;0;72.04000092;100%;Baik Sekali; ;FALSE;-;-6.841722222;115.2214056;;
178;BARAT;177;178;Pulau Kangean;Sumenep;Pulau Kangean. SumenepTitik 2;75.30000305;0;0;0;0;0;0;0;0;0;0;75.30000305;100%;Baik Sekali; ;FALSE;-;-6.841847222;115.2215639;;
179;BARAT;178;179;Pulau Kangean;Sumenep;Pulau Kangean. SumenepTitik 3;70;0;0;0;0;0;0;0;0;0;0;70;100%;Baik Sekali; ;FALSE;-;-6.841736111;115.2214361;;
180;BARAT;179;180;Pulau Sapapan;Sumenep;Pulau Sapapan. SumenepSPP 1;53.40000153;0;30;0;0;0;0;2;0;0;0;85.40000153;63%;Baik; ;FALSE;-;-6.960383333;115.41765;;
181;BARAT;180;181;Pulau Sapapan;Sumenep;Pulau Sapapan. SumenepSPP 2;78.87000275;9;3;0;0;0;0;1;0;0;0;91.87000275;86%;Baik Sekali; ;FALSE;-;-6.959733333;115.4145;;
182;BARAT;181;182;Pulau Sapapan;Sumenep;Pulau Sapapan. SumenepSPP 3;77.80000305;8;3.5;0;0;0;0;4;0;0;0;93.30000305;83%;Baik Sekali; ;FALSE;-;-6.961344444;115.4121944;;
183;BARAT;182;183;Pulau Saobi;Sumenep;Pulau Saobi. SumenepSBI 1;46.52999878;0;28;0;0;0;0;8;0;0;0;82.52999878;56%;Baik; ;FALSE;-;-6.970977778;115.4607806;;
184;BARAT;183;184;Pulau Saobi;Sumenep;Pulau Saobi. SumenepSBI 2;67.52999878;0;26;0;0;0;0;2;0;0;0;95.52999878;71%;Baik; ;FALSE;-;-6.975691667;115.4530889;;
185;BARAT;184;185;Pulau Saobi;Sumenep;Pulau Saobi. SumenepSBI 3;65.33000183;0;19;0;0;0;0;12;0;0;0;96.33000183;68%;Baik; ;FALSE;-;-6.973302778;115.4457083;;
186;BARAT;185;186;Pulau Saobi;Sumenep;Pulau Saobi. SumenepSBI 4;52.47000122;10;20;0;0;0;0;7;0;0;0;89.47000122;59%;Baik; ;FALSE;-;-6.977713889;115.4380028;;
187;BARAT;186;187;Gili Labak;Sumenep;Gili Labak. SumenepStasiun 1;70.91999817;21.73999977;0.980000019;0;0;0;0;0;0;0;0;93.63999796;76%;Baik Sekali; ;FALSE;-;-7.200569444;114.0468139;;
188;BARAT;187;188;Gili Labak;Sumenep;Gili Labak. SumenepStasiun 2;72.29000092;8.369999886;0;0;0;0;0;12.21000004;0;0;0;92.87000084;78%;Baik Sekali; ;FALSE;-;-7.2029;114.0437361;;
189;BARAT;188;189;Gili Labak;Sumenep;Gili Labak. SumenepStasiun 3;45.99000168;16.20999908;1.580000043;0;0;0;0;20.86000061;0;0;0;84.64000142;54%;Baik; ;FALSE;-;-7.205763889;114.0431111;;
190;BARAT;189;190;Madura;;Titik 1 (Takad Wedi);6.110000134;0;26;0;1;0;2;46;19;0;0;100.1100001;6%;Buruk; ;FALSE;-;-7.278;113.7416389;;
191;BARAT;190;191;Madura;;Titik 2 (Takad Blukuran);64.44000244;0;17;0;0;0;4;13;1;0;0;99.44000244;65%;Baik; ;FALSE;-;-7.2205;113.6115;;
192;BARAT;191;192;Madura;;Titik 3 (Pulau Kramat);22.21999931;0;29;0;1;0;7;8;32;0;0;99.21999931;22%;Buruk; ;FALSE;-;-7.254722222;113.665;;
193;BARAT;192;193;Madura;;Titik 4 (Pulau Pasir);27.78000069;0;3;0;1;0;4;41;23;0;0;99.78000069;28%;Sedang; ;FALSE;-;-7.242416667;113.6975833;;
194;BARAT;193;194;Madura;;Titik 5 (Pulau Bidadari);7.21999979;0;9;0;7;0;2;18;57;0;0;100.2199998;7%;Buruk; ;FALSE;-;-7.249333333;113.7238333;;
195;BARAT;194;195;Madura;;Titik 1 (Barat Pulau Sapudi);28.32999992;4.440000057;40;1.669999957;0;7.78000021;8.890000343;6.110000134;2.220000029;0;0;99.44000065;28%;Sedang; ;FALSE;-;-7.131102778;114.2845778;;
196;BARAT;195;196;Madura;;Titik 2 (Barat Daya Pulau Sapudi);62.77999878;0;16.67000008;0.560000002;0;1.669999957;12.22000027;1.669999957;3.890000105;0;0;99.45999914;63%;Baik; ;FALSE;-;-7.167491667;114.3202583;;
197;BARAT;196;197;Madura;;Titik 3 (Selatan Pulau Sapudi);57.22000122;0.560000002;24.44000053;0;0;7.21999979;5;4.440000057;0.560000002;0;0;99.44000161;58%;Baik; ;FALSE;-;-7.183455556;114.3798639;;
198;BARAT;197;198;Madura;;TK Gili Raja 1;43.93999863;0;39.43999863;0.639999986;0;0;0.579999983;0;0;0;0;84.59999722;52%;Baik; ;FALSE;-;-7.230805556;113.7821722;;
199;BARAT;198;199;Madura;;TK Gili Raja 2;71.94000244;0;15.80000019;0;0;0;0.280000001;0;0;0;0;88.02000263;82%;Baik Sekali; ;FALSE;-;-7.208688889;113.7878972;;
200;BARAT;199;200;Madura;;TK Mandangin 1;16.31999969;0;21.05999947;0.920000017;0;0;1.200000048;0;0;0;0;39.49999923;41%;Sedang; ;FALSE;-;-7.317772222;113.2258917;;
201;BARAT;200;201;Madura;;TK Mandangin 2;12.26000023;0;23.60000038;0;0;0;5.320000172;0;0;0;0;41.18000078;30%;Sedang; ;FALSE;-;-7.313175;113.2014722;;
202;BARAT;201;202;Jemeluk;Bali;Jemeluk 1;10.76000023;0.670000017;11.36999989;0;0;0;0;35.54000092;0;0;0;58.34000105;18%;Buruk; ;FALSE;-;-8.337594444;115.6616056;;
203;BARAT;202;203;Jemeluk;Bali;Jemeluk 2;13.43000031;0;0;0;0;0;0;0;0;0;0;13.43000031;100%;Baik Sekali; ;FALSE;-;-8.337925;115.6603556;;
204;BARAT;203;204;Jemeluk;Bali;Jemeluk 3;38.99000168;0;0;0;0;0;0;0;0;0;0;38.99000168;100%;Baik Sekali; ;FALSE;-;-8.337444444;115.6592139;;
205;BARAT;204;205;Gilimanuk;Bali;Gilimanuk 1;42.13999939;11.43000031;12.60000038;0;0;0;0;10.43999958;0;0;0;76.60999966;55%;Baik; ;FALSE;-;-8.162452778;114.450675;;
206;BARAT;205;206;Gilimanuk;Bali;Gilimanuk 2;40.33000183;0;0;0;0;0;0;0;0;0;0;40.33000183;100%;Baik Sekali; ;FALSE;-;-8.167430556;114.461;;
207;BARAT;206;207;Gilimanuk;Bali;Gilimanuk 3;41.95000076;0;0;0;0;0;0;0;0;0;0;41.95000076;100%;Baik Sekali; ;FALSE;-;-8.166022222;114.4448889;;
208;BARAT;207;208;Kawasan Konservasi Nusa Penida;Bali;Titik 1;43;0;0;0;0;0;0;0;0;0;0;43;100%;Baik Sekali; ;FALSE;-;-8.770722222;115.6324417;;
209;BARAT;208;209;Kawasan Konservasi Nusa Penida;Bali;Jack Mangrove 1;82.19999695;0;0;0;0;0;0;0;0;0;0;82.19999695;100%;Baik Sekali; ;FALSE;-;-8.663411111;115.4679583;;
210;BARAT;209;210;Kawasan Konservasi Nusa Penida;Bali;Jack Mangrove 2;92.05999756;0;0;0;0;0;0;0;0;0;0;92.05999756;100%;Baik Sekali; ;FALSE;-;-8.662088889;115.4625139;;
211;BARAT;210;211;Kawasan Konservasi Nusa Penida;Bali;Crystal Bay 1;21.79999924;0;0;0;0;0;0;0;0;0;0;21.79999924;100%;Baik Sekali; ;FALSE;-;-8.665855556;115.4418833;;
212;BARAT;211;212;Kawasan Konservasi Nusa Penida;Bali;Crystal Bay 2;65.66000366;0;0;0;0;0;0;0.219999999;0;0;0;65.88000366;100%;Baik Sekali; ;FALSE;-;-8.6724;115.43975;;
213;BARAT;212;213;Kawasan Konservasi Nusa Penida;Bali;Manta Bay 1;43.86000061;0;0;0;0;0;0;25.65999985;0;0;0;69.52000046;63%;Baik; ;FALSE;-;-8.677369444;115.4312;;
214;BARAT;213;214;Kawasan Konservasi Nusa Penida;Bali;Manta Bay 2;63.22000122;0;0;0;0;0;0;5.400000095;0;0;0;68.62000132;92%;Baik Sekali; ;FALSE;-;-8.680675;115.4280222;;
215;BARAT;214;215;Pulau Menjangan;Bali;Coral garden;31.5;0;0;0;0;0;0;0;0;0;0;31.5;100%;Baik Sekali; ;FALSE;-;-8.090844444;114.5157333;;
216;BARAT;215;216;Pulau Menjangan;Bali;Temple point;36.59999847;0;0;0;0;0;0;0;0;0;0;36.59999847;100%;Baik Sekali; ;FALSE;-;-8.092238889;114.5248611;;
217;BARAT;216;217;Pulau Menjangan;Bali;Bat cave;6.699999809;0;0;0;0;0;0;0;0;0;0;6.699999809;100%;Baik Sekali; ;FALSE;-;-8.096780556;114.5274472;;
218;BARAT;217;218;Pulau Menjangan;Bali;Pos 2;39.5;0;0;0;0;0;0;0;0;0;0;39.5;100%;Baik Sekali; ;FALSE;-;-8.099252778;114.5235861;;
219;BARAT;218;219;Pulau Menjangan;Bali;Cave point;43.20000076;0;0;0;0;0;0;0;0;0;0;43.20000076;100%;Baik Sekali; ;FALSE;-;-8.101141667;114.5191361;;
220;BARAT;219;220;Pulau Menjangan;Bali;Pos 1;66.5;0;0;0;0;0;0;0;0;0;0;66.5;100%;Baik Sekali; ;FALSE;-;-8.098669444;114.50865;;
221;BARAT;220;221;Pulau Menjangan;Bali;Eel garden;0.600000024;0;0;0;0;0;0;0;0;0;0;0.600000024;100%;Baik Sekali; ;FALSE;-;-8.095927778;114.5002944;;
222;BARAT;221;222;Pulau Menjangan;Bali;Anchor wreck;67.30000305;0;0;0;0;0;0;0;0;0;0;67.30000305;100%;Baik Sekali; ;FALSE;-;-8.091294444;114.4998806;;
223;BARAT;222;223;Tulamben;Bali;Shipwreck 1;16.26000023;0;0;0;0;0;0;0;0;0;0;16.26000023;100%;Baik Sekali; ;FALSE;-;-8.286038889;115.6077722;;
224;BARAT;223;224;Tulamben;Bali;Shipwreck 2;29.57999992;0;0;0;0;0;0;0;0;0;0;29.57999992;100%;Baik Sekali; ;FALSE;-;-8.280741667;115.6041389;;
225;BARAT;224;225;Tulamben;Bali;Coral Garden 1;52.47999954;0;0;0;0;0;0;0;0;0;0;52.47999954;100%;Baik Sekali; ;FALSE;-;-8.274830556;115.5994333;;
226;BARAT;225;226;Tulamben;Bali;Coral Garden 2;42.24000168;0;0;0;0;0;0;0;0;0;0;42.24000168;100%;Baik Sekali; ;FALSE;-;-8.269822222;115.5939556;;
227;BARAT;226;227;Tulamben;Bali;Drop Off 1;25.63999939;0;0;0;0;0;0;0;0;0;0;25.63999939;100%;Baik Sekali; ;FALSE;-;-8.263283333;115.5898472;;
228;BARAT;227;228;Tulamben;Bali;Drop Off 2;37.95999908;0;0;0;0;0;0;0;0;0;0;37.95999908;100%;Baik Sekali; ;FALSE;-;-8.259475;115.5869528;;
229;BARAT;228;229;Pulau Kabung;KalimantanBarat;Pulau Kabung 1;30.5;0;0;0;0;0;0;0;0;0;0;30.5;100%;Baik Sekali; ;FALSE;-;0.825902778;108.7881972;;
230;BARAT;229;230;Pulau Kabung;KalimantanBarat;Pulau Kabung 2;39.25;0;0;0;0;0;0;0;0;0;0;39.25;100%;Baik Sekali; ;FALSE;-;0.823913889;108.7868722;;
231;BARAT;230;231;Pulau Kabung;KalimantanBarat;Pulau Kabung 3;50.25;0;0;0;0;0;0;0;0;0;0;50.25;100%;Baik Sekali; ;FALSE;-;0.822280556;108.7851639;;
232;BARAT;231;232;Pulau Lemukutan;KalimantanBarat;Stasiun 1;36.70999908;3;47;0;0;0;0;0;0;0;0;86.70999908;42%;Sedang; ;FALSE;-;0.791341667;108.71005;;
233;BARAT;232;233;Pulau Lemukutan;KalimantanBarat;Stasiun 2;54.75;2;35;0;0;0;0;0;0;0;0;91.75;60%;Baik; ;FALSE;-;0.779333333;108.7073722;;
234;BARAT;233;234;Pulau Lemukutan;KalimantanBarat;Stasiun 3;37.04999924;0;45;0;0;0;0;2;0;0;0;84.04999924;44%;Sedang; ;FALSE;-;0.766005556;108.7138778;;
235;BARAT;234;235;Pulau Lemukutan;KalimantanBarat;Pulau Air Tiris;46;33;0;0;0;0;0;0;0;0;0;79;58%;Baik; ;FALSE;-;0.750555556;108.7013889;;
236;BARAT;235;236;Pulau Lemukutan;KalimantanBarat;Teluk Melanau;38;36;0;0;0;0;0;0;0;0;0;74;51%;Baik; ;FALSE;-;0.822777778;108.7023056;;
237;BARAT;236;237;Pulau Lemukutan;KalimantanBarat;Teluk Cina;13;59;0;0;0;0;0;0;0;0;0;72;18%;Buruk; ;FALSE;-;0.822777778;108.7023056;;
238;BARAT;237;238;Pulau Lemukutan;KalimantanBarat;Teluk Surau;26;36;0;0;0;0;0;0;0;0;0;62;42%;Sedang; ;FALSE;-;0.784138889;108.7351667;;
239;BARAT;238;239;Pulau Randayan;KalimantanBarat;Pulau Randayan, Kalimantan Barat;57.5;0;0;0;0;0;0;0;0;0;0;57.5;100%;Baik Sekali; ;FALSE;-;0.758333333;108.7138889;;
240;BARAT;239;240;Kepulauan Karimata;KalimantanBarat;Stasiun 1;57.18000031;0.280000001;26;0;0;0;0;0;0;0;0;83.46000031;69%;Baik; ;FALSE;-;1.285611111;109.1573611;;
241;BARAT;240;241;Kepulauan Karimata;KalimantanBarat;Stasiun 2;69.31999969;0.280000001;22.62000084;0;0;0;0;0;0;0;0;92.22000054;75%;Baik Sekali; ;FALSE;-;1.292166667;109.1401667;;
242;BARAT;241;242;Kepulauan Karimata;KalimantanBarat;Stasiun 3;60.79999924;1.159999967;1.75999999;0;0;0;0;0;0;0;0;63.71999919;95%;Baik Sekali; ;FALSE;-;1.29575;109.1240833;;
243;BARAT;242;243;Bontang;KalimantanTimur;Karang Segajah;2.869999886;0;10;53.06999969;0;0;1.470000029;83.59999847;0;0;0;151.0099981;2%;Buruk; ;FALSE;-;0.153472222;117.5656389;;
244;BARAT;243;244;Bontang;KalimantanTimur;Pasilan;20.67000008;0.129999995;12.47000027;11.06999969;1.470000029;0;4.730000019;48.79999924;0.670000017;0;0;100.0099993;21%;Buruk; ;FALSE;-;0.139055556;117.5530833;;
245;BARAT;244;245;Bontang;KalimantanTimur;Gusung Kangan;0.870000005;0;33.52999878;27.60000038;1.269999981;0;1.730000019;13.39999962;21.60000038;0;0;99.99999917;1%;Buruk; ;FALSE;-;0.177483333;117.5408833;;
246;BARAT;245;246;Bontang;KalimantanTimur;Karang Segajah 1;3.329999924;0;11.67000008;9.399999619;0.730000019;0;0.5;31.53000069;42.72999954;0;0;99.88999987;3%;Buruk; ;FALSE;-;0.161547222;117.5486306;;
247;BARAT;246;247;Bontang;KalimantanTimur;Karang Segajah 2;2.930000067;0;37.86999893;22.67000008;0.800000012;0.07;1.529999971;27.67000008;6.46999979;0;0;100.0099989;3%;Buruk; ;FALSE;-;0.150933333;117.5665611;;
248;BARAT;247;248;Bontang;KalimantanTimur;Pasilan 1;0;0;49.33000183;0.129999995;0;2.200000048;0.529999971;19.32999992;28.46999931;0;0;99.99000108;0%;Buruk; ;FALSE;-;0.138333333;117.5528944;;
249;BARAT;248;249;Bontang;KalimantanTimur;Pasilan 2;22.67000008;0;53.06999969;1.269999981;1.200000048;0;3.599999905;12.39999962;2.529999971;3.269999981;0;100.0099993;23%;Buruk; ;FALSE;-;0.138472222;117.5524333;;
250;BARAT;249;250;Bontang;KalimantanTimur;Tobok Batang 1;2.799999952;0;8.399999619;13.93000031;1.200000048;0.129999995;0.200000003;48.93000031;24.39999962;0;0;99.98999985;3%;Buruk; ;FALSE;-;0.131788889;117.5683639;;
251;BARAT;250;251;Bontang;KalimantanTimur;Tobok Batang 2;3.730000019;0;8.340000153;7.800000191;1.070000052;2.069999933;1.470000029;57.90999985;17.61000061;0;0;100.0000008;4%;Buruk; ;FALSE;-;0.131788889;117.5683639;;
252;BARAT;251;252;Bontang;KalimantanTimur;Kedindingan;4.929999828;0;10.39999962;3.869999886;1.529999971;0;1.200000048;42.47000122;35.59999847;0;0;99.99999905;5%;Buruk; ;FALSE;-;0.076391667;117.5416972;;
253;BARAT;252;253;Bontang;KalimantanTimur;Beras Basah;11.86999989;0;14.80000019;44.33000183;1.529999971;0;0.730000019;13.52999973;13.19999981;0;0;99.99000144;12%;Buruk; ;FALSE;-;0.056830556;117.5584361;;
254;BARAT;253;254;Pulau Balikukup ;KalimantanTimur;Pulau Balikukup . Kalimantan Timur Barat;35;0;0;0;0;0;0;0;0;0;0;35;100%;Baik Sekali; ;FALSE;-;1.523067;118.619333;;
255;BARAT;254;255;Pulau Balikukup ;KalimantanTimur;Pulau Balikukup . Kalimantan Timur Utara;87;0;0;0;0;0;0;0;0;0;0;87;100%;Baik Sekali; ;FALSE;-;1.538722222;118.6385833;;
256;BARAT;255;256;Pulau Balikukup ;KalimantanTimur;Pulau Balikukup . Kalimantan Timur Timur;85;0;0;0;0;0;0;0;0;0;0;85;100%;Baik Sekali; ;FALSE;-;1.52875;118.6593056;;
257;BARAT;256;257;Pulau Balikukup ;KalimantanTimur;Pulau Balikukup . Kalimantan Timur Selatan;63;0;0;0;0;0;0;0;0;0;0;63;100%;Baik Sekali; ;FALSE;-;1.522055556;118.6163944;;
258;BARAT;257;258;Kepulauan Derawan;KalimantanTimur;Timur laut P. Maratua;47.79999924;1.200000048;27.87000084;0;0;0;0;15.03999996;0;0;0;91.91000009;52%;Baik; ;FALSE;-;2.28006;118.60307;;
259;BARAT;258;259;Kepulauan Derawan;KalimantanTimur;Barat P. Maratua;31.53000069;0.200000003;40.13000107;0;0;0;0;8.199999809;0;0;0;80.06000157;39%;Sedang; ;FALSE;-;2.21624;118.57993;;
260;BARAT;259;260;Kepulauan Derawan;KalimantanTimur;Untitled Placemark;21.87000084;0.600000024;39.06999969;0;0;0;0;26.12999916;0;0;0;87.66999972;25%;Buruk; ;FALSE;-;2.29277;118.23479;;
261;BARAT;260;261;Kepulauan Derawan;KalimantanTimur;Timur laut P. Derawan;28.60000038;0.200000003;33;0;0;0;0;17;0;0;0;78.80000038;36%;Sedang; ;FALSE;-;2.2915;118.26238;;
262;BARAT;261;262;Kepulauan Derawan;KalimantanTimur;Timur laut P. Kakaban;39.47000122;0.200000003;25.79999924;0;0;0;0;30.12999916;0;0;0;95.59999962;41%;Sedang; ;FALSE;-;2.15264;118.5403;;
263;BARAT;262;263;Kepulauan Derawan;KalimantanTimur;Barat daya P. Kakaban;37.86999893;0;23.12999916;0;0;0;0;33.93000031;0;0;0;94.9299984;40%;Sedang; ;FALSE;-;2.13927;118.52253;;
264;BARAT;263;264;Kepulauan Derawan;KalimantanTimur;Barat P. Panjang;24.12999916;0;34.47000122;0;0;0;0;18.72999954;0;0;0;77.32999992;31%;Sedang; ;FALSE;-;2.35846;118.18907;;
265;BARAT;264;265;Kepulauan Derawan;KalimantanTimur;Timur P. Panjang;12.80000019;0;62.79999924;0;0;0;0;8.529999733;0;0;0;84.12999916;15%;Buruk; ;FALSE;-;2.36914;118.21959;;
266;BARAT;265;266;Kepulauan Derawan;KalimantanTimur;Barat P. Sangalaki;54;0.200000003;17.32999992;0;0;0;0;2.529999971;0;0;0;74.0599999;73%;Baik; ;FALSE;-;2.08313;118.39446;;
267;BARAT;266;267;Kepulauan Derawan;KalimantanTimur;Barat P. Semama;32.27000046;0;44;0;0;0;0;9.199999809;0;0;0;85.47000027;38%;Sedang; ;FALSE;-;2.12893;118.32226;;
268;BARAT;267;268;Kepulauan Derawan;KalimantanTimur;Timur P. Semama;19.53000069;0;23.79999924;0;0;0;0;15.27000046;0;0;0;58.60000038;33%;Sedang; ;FALSE;-;2.1389;118.33705;;
269;TIMUR;0;1;Wakatobi;;Pulau Kaledupa;7;21;9;0;7;25;0;8;22;0;0;99;7%;Buruk;;;Fringing Reef (Karang Tepi);-5.472436;123.723515;;
270;TIMUR;1;2;Wakatobi;;Pulau Tomia;48;2;5;5;8;13;0;10;8;0;0;99;48%;Sedang;;;Fringing Reef (Karang Tepi);-5.718678;123.891479;;
271;TIMUR;2;3;Wakatobi;;Pulau Tomia;22;3;6;1;9;24;0;14;22;0;0;101;22%;Buruk;;;Fringing Reef (Karang Tepi);-5.714814;123.900512;;
272;TIMUR;3;4;Wakatobi;;Pulau Kaledupa;12;22;4;0;4;31;0;15;13;0;0;101;12%;Buruk;;;Fringing Reef (Karang Tepi);-5.450022;123.700658;;
273;TIMUR;4;5;Wakatobi;;Wanci;17;16;15;2;4;11;0;17;19;0;0;101;17%;Buruk;;;Atoll Reef (Karang Cincin);-5.392688;123.677589;;
274;TIMUR;5;6;Wakatobi;;Pulau Hoga;13;12;6;2;5;26;0;21;17;0;0;102;13%;Buruk;;;-;-5.464619;123.756696;;
275;TIMUR;6;7;Wakatobi;;Pulau Hoga;18;9;12;2;7;19;0;14;19;0;0;100;18%;Buruk;;;Fringing Reef (Karang Tepi);-5.443386;123.755357;;
276;TIMUR;7;8;Wakatobi;;Pulau Kaledupa;13;7;3;1;5;6;0;5;60;0;0;100;13%;Buruk;;;Fringing Reef (Karang Tepi);-5.432543957;123.6067781;;
277;TIMUR;8;9;Wakatobi;;Wanci;17;2;7;2;15;23;0;14;20;0;0;100;17%;Buruk;;;Atoll Reef (Karang Cincin);-5.322642;123.529973;;
278;TIMUR;9;10;Pantai Tanjung;;1 Pantai Tanjung;86;1;0;0;0;6;1;6;0;0;0;100;86%;Baik Sekali;;;Fringing Reef (Karang Tepi);-5.196204;122.627935;;
279;TIMUR;10;11;Pantai Tanjung;;2 Pantai Tanjung;83;5;0;0;0;2;0;9;0;0;0;99;84%;Baik Sekali;;;Fringing Reef (Karang Tepi);-5.192101;122.627378;;
280;TIMUR;11;12;Wakatobi;;Barat Pulau Hoga;51;31;1;3;1;0;4;3;4;0;2;100;51%;Baik;;;Fringing Reef (Karang Tepi);-5.475199;123.75868;;
281;TIMUR;12;13;Wakatobi;;Timur Pulau Hoga;55;29;3;4;1;0;1;3;3;0;1;100;55%;Baik;;;Fringing Reef (Karang Tepi);-4.796871389;123.1605707;;
282;TIMUR;13;14;Wakatobi;;Utara Pulau Darawa;34;34;2;5;2;0;7;7;8;0;1;100;34%;Sedang;;;Fringing Reef (Karang Tepi);-5.523836;123.878059;;
283;TIMUR;14;15;Wakatobi;;Timur Pulau Lantea;51;37;2;4;3;0;1;0;1;0;1;100;51%;Baik;;;Fringing Reef (Karang Tepi);-5.808597;123.948956;;
284;TIMUR;15;16;Wakatobi;;Selatan Pulau Kaledupa;33;37;11;0;2;9;1;6;1;0;0;100;33%;Sedang;;;Fringing Reef (Karang Tepi);-5.597236;123.791671;;
285;TIMUR;16;17;Wakatobi;;Barat Pulau Kaledupa;24;34;4;0;4;0;18;7;9;0;0;100;24%;Buruk;;;Fringing Reef (Karang Tepi);-5.468364;123.678074;;
286;TIMUR;17;18;Kolaka;;1 Perairan Pomala;12;6;9;0;12;17;12;13;18;0;0;99;12%;Buruk;;;Fringing Reef (Karang Tepi);-4.198049;121.582088;;
287;TIMUR;18;19;Kolaka;;2 Perairan Pomala;12;9;5;0;10;16;20;15;12;0;0;99;12%;Buruk;;;Fringing Reef (Karang Tepi);-4.194625;121.58535;;
288;TIMUR;19;20;Kolaka;;3 Perairan Pomala;14;10;11;0;8;15;13;17;11;0;0;99;14%;Buruk;;;Fringing Reef (Karang Tepi);-4.195365;121.573505;;
289;TIMUR;20;21;Kolaka;;4 Perairan Pomala;22;7;5;0;10;15;18;9;13;0;0;99;22%;Buruk;;;Fringing Reef (Karang Tepi);-4.201528;121.570072;;
290;TIMUR;21;22;Kolaka;;5 Perairan Pomala;16;11;9;0;10;11;17;12;14;0;0;100;16%;Buruk;;;Fringing Reef (Karang Tepi);-4.201528;121.570072;;
291;TIMUR;22;23;Kolaka;;6 Perairan Pomala;26;11;12;0;8;11;10;14;8;0;0;100;26%;Sedang;;;Fringing Reef (Karang Tepi);-4.201528;121.570072;;
292;TIMUR;23;24;Kolaka;;7 Perairan Pomala;27;10;10;10;9;7;10;9;7;0;0;99;27%;Sedang;;;Fringing Reef (Karang Tepi);-4.201528;121.570072;;
293;TIMUR;24;25;Kolaka;;8 Perairan Pomalaa;29;12;14;0;9;9;7;10;9;0;0;99;29%;Sedang;;;Fringing Reef (Karang Tepi);-4.201528;121.570072;;
294;TIMUR;25;26;Wakatobi;;1 P. Wangi-wangi;33;0;4;5;0;50;4;4;0;0;0;100;33%;Sedang;;;-;-5.250111;123.604603;;
295;TIMUR;26;27;Wakatobi;;2 P. Wangi-wangi;40;0;5;5;0;20;0;30;0;0;0;100;40%;Sedang;;;-;-5.254261;123.601341;;
296;TIMUR;27;28;Wakatobi;;3 P. Wangi-wangi;60;20;0;0;0;15;5;0;0;0;0;100;60%;Baik;;;-;-5.241051;123.532677;;
297;TIMUR;28;29;Wakatobi;;4 P. Wangi-wangi;52;12;5;5;3;9;9;5;0;0;0;100;52%;Baik;;;-;-5.277931;123.520703;;
298;TIMUR;29;30;Wakatobi;;5 P. Wangi-wangi;40;0;5;5;1;10;18;9;12;0;0;100;40%;Sedang;;;-;-3.99201616;122.9946655;;
299;TIMUR;30;31;Wakatobi;;6 P. Wangi-wangi;60;1;3;2;0;10;5;8;11;0;0;100;60%;Baik;;;-;-5.337284;123.498688;;
300;TIMUR;31;32;Wakatobi;;7 P. Wangi-wangi;30;2;3;5;0;15;31;9;5;0;0;100;30%;Sedang;;;-;-3.978446006;122.9746167;;
301;TIMUR;32;33;Wakatobi;;8 P. Wangi-Wangi;18;1;4;3;1;30;0;30;13;0;0;100;18%;Buruk;;;-;-5.303356;123.650265;;
302;TIMUR;33;34;Wakatobi;;9 P. Wangi-Wangi;34;3;3;2;0;20;5;15;18;0;0;100;34%;Sedang;;;-;-5.337114;123.645973;;
303;TIMUR;34;35;Wakatobi;;1 P. Lentea;24;14;4;3;3;15;13;10;3;5;6;100;24%;Buruk;;;Fringing Reef (Karang Tepi);-5.337114;123.645973;;
304;TIMUR;35;36;Wakatobi;;2 P. Lentea;26;14;3;4;3;13;11;11;4;4;8;101;26%;Sedang;;;Fringing Reef (Karang Tepi);-5.337114;123.645973;;
305;TIMUR;36;37;Wakatobi;;3 P. Lentea;27;15;1;7;2;12;13;6;5;6;8;102;26%;Sedang;;;Fringing Reef (Karang Tepi);-5.337114;123.645973;;
306;TIMUR;37;38;Wakatobi;;4 P. Lentea;31;12;3;4;2;17;13;12;6;0;0;100;31%;Sedang;;;Fringing Reef (Karang Tepi);-5.337114;123.645973;;
307;TIMUR;38;39;Wakatobi;;5 P. Lentea;28;11;2;5;3;15;7;11;3;6;9;100;28%;Sedang;;;Fringing Reef (Karang Tepi);-5.337114;123.645973;;
308;TIMUR;39;40;Wakatobi;;6 P. Lentea;35;12;1;6;3;10;11;7;4;5;5;99;35%;Sedang;;;Fringing Reef (Karang Tepi);-5.337114;123.645973;;
309;TIMUR;40;41;Wakatobi;;7 P. Lentea;41;12;3;2;2;10;5;5;7;6;6;99;41%;Sedang;;;Fringing Reef (Karang Tepi);-5.337114;123.645973;;
310;TIMUR;41;42;Wakatobi;;8 P. Lentea;50;10;1;9;2;13;5;0;3;7;0;100;50%;Baik;;;-;-5.337114;123.645973;;
311;TIMUR;42;43;Kendari;;1 P. Bungkutoko;36;0;0;0;5;55;0;1;3;0;0;100;36%;Sedang;;;Fringing Reef (Karang Tepi);-5.337114;123.645973;;
312;TIMUR;43;44;Kendari;;2 P. Bungkutoko;42;0;3;4;2;20;4;10;15;0;0;100;42%;Sedang;;;Fringing Reef (Karang Tepi);-5.337114;123.645973;;
313;TIMUR;44;45;Wakatobi Nasional Park;;1 Hoga Island;46;15;0;1;0;30;0;0;8;0;0;100;46%;Sedang;;;Fringing Reef (Karang Tepi);-5.475992;123.767681;;
314;TIMUR;45;46;Wakatobi Nasional Park;;2 Hoga Island;36;25;2;1;0;32;0;3;0;0;0;99;36%;Sedang;;;Fringing Reef (Karang Tepi);-5.474826;123.767767;;
315;TIMUR;46;47;Wakatobi Nasional Park;;3 Hoga Island;60;8;4;3;0;18;0;0;7;0;0;100;60%;Baik;;;Fringing Reef (Karang Tepi);-5.474826;123.767595;;
316;TIMUR;47;48;Kepulauan Buton;;1 P. Buton;28;1;2;0;0;59;0;3;6;0;0;99;28%;Sedang;;;Fringing Reef (Karang Tepi);-5.429103;123.055115;;
317;TIMUR;48;49;Kepulauan Buton;;2 P. Buton;66;3;1;0;0;28;0;1;2;0;0;101;65%;Baik;;;Fringing Reef (Karang Tepi);-5.547401;122.895813;;
318;TIMUR;49;50;Kepulauan Buton;;3 P. Buton;42;0;3;4;0;23;0;21;6;0;0;99;42%;Sedang;;;Fringing Reef (Karang Tepi);-5.523481;122.853241;;
319;TIMUR;50;51;Kepulauan Buton;;4 P. Buton;45;0;1;0;0;36;0;6;11;0;0;99;45%;Sedang;;;Fringing Reef (Karang Tepi);-5.612761;122.858734;;
320;TIMUR;51;52;Kepulauan Buton;;5 P. Buton;15;9;3;4;0;50;0;10;9;0;0;100;15%;Buruk;;;Fringing Reef (Karang Tepi);-5.425984;123.005676;;
321;TIMUR;52;53;Kolaka Utara;;1 Kolaka Utara;39;0;3;1;12;27;0;20;0;0;0;102;38%;Sedang;;;Fringing Reef (Karang Tepi);-3.179705;121.0532;;
322;TIMUR;53;54;Kolaka Utara;;2 Kolaka Utara;2;0;4;2;3;9;81;0;0;0;0;101;2%;Buruk;;;Patch Reef (Karang Tambalan);-3.206271;121.03157;;
323;TIMUR;54;55;Kolaka Utara;;3 Kolaka Utara;32;2;5;1;1;20;40;0;0;0;0;101;32%;Sedang;;;Fringing Reef (Karang Tepi);-3.226698;121.022644;;
324;TIMUR;55;56;Kolaka Utara;;4 Kolaka Utara;31;1;5;1;5;12;41;5;0;0;0;101;31%;Sedang;;;Fringing Reef (Karang Tepi);-3.258202;120.979557;;
325;TIMUR;56;57;Kolaka Utara;;5 Kolaka Utara;29;1;3;1;7;27;34;0;0;0;0;102;28%;Sedang;;;Fringing Reef (Karang Tepi);-3.277116;120.967197;;
326;TIMUR;57;58;Wakatobi;;1 Wakatobi;40;0;13;0;21;24;0;0;0;0;0;98;41%;Sedang;;;Fringing Reef (Karang Tepi);-5.253871;123.606148;;
327;TIMUR;58;59;Wakatobi;;2 Wakatobi;46;11;18;1;14;11;0;0;0;0;0;101;46%;Sedang;;;Fringing Reef (Karang Tepi);-5.253358;123.522377;;
328;TIMUR;59;60;Wakatobi;;3 Wakatobi;26;0;12;5;5;21;10;5;15;0;0;99;26%;Sedang;;;Fringing Reef (Karang Tepi);-5.327139;123.52993;;
329;TIMUR;60;61;Wakatobi;;4 Wakatobi;33;19;9;4;12;22;0;0;0;0;0;99;33%;Sedang;;;Fringing Reef (Karang Tepi);-5.563803;123.889389;;
330;TIMUR;61;62;Wakatobi;;5 Wakatobi;31;8;13;0;17;31;0;0;1;0;0;101;31%;Sedang;;;Fringing Reef (Karang Tepi);-5.601977;123.819351;;
331;TIMUR;62;63;Wakatobi;;6 Wakatobi;24;16;23;0;11;19;0;5;2;0;0;100;24%;Buruk;;;Fringing Reef (Karang Tepi);-5.481105;123.688889;;
332;TIMUR;63;64;Wakatobi;;7 Wakatobi;29;10;15;1;13;30;0;0;1;0;0;99;29%;Sedang;;;Fringing Reef (Karang Tepi);-5.481569;123.736267;;
333;TIMUR;64;65;Wakatobi;;8 Wakatobi;20;15;6;0;29;23;0;4;3;0;0;100;20%;Buruk;;;Atoll Reef (Karang Cincin);-5.45833;123.369598;;
334;TIMUR;65;66;Wakatobi;;9 Wakatobi;21;33;11;1;13;21;0;0;1;0;0;101;21%;Buruk;;;Atoll Reef (Karang Cincin);-5.544401;123.395348;;
335;TIMUR;66;67;Wakatobi;;10 Wakatobi;9;36;6;0;11;32;0;0;5;0;0;99;9%;Buruk;;;Fringing Reef (Karang Tepi);-5.583061;123.502464;;
336;TIMUR;67;68;Wakatobi;;11 Wakatobi;25;10;7;1;11;30;0;8;9;0;0;101;25%;Buruk;;;-;-5.487441;123.423157;;
337;TIMUR;68;69;Wakatobi;;12 Wakatobi;37;12;8;0;13;29;0;0;1;0;0;100;37%;Sedang;;;Fringing Reef (Karang Tepi);-5.718619;123.915825;;
338;TIMUR;69;70;Wakatobi;;13 Wakatobi;42;3;9;0;9;35;0;1;1;0;0;100;42%;Sedang;;;Fringing Reef (Karang Tepi);-5.759349;124.006462;;
339;TIMUR;70;71;Wakatobi;;14 Wakatobi;35;9;13;0;13;27;0;1;2;0;0;100;35%;Sedang;;;Fringing Reef (Karang Tepi);-5.775868;123.898659;;
340;TIMUR;71;72;Wakatobi;;15 Wakatobi;24;6;5;0;40;25;0;0;0;0;0;100;24%;Buruk;;;Fringing Reef (Karang Tepi);-5.741507;123.893166;;
341;TIMUR;72;73;Kolaka;;Padamarang;23;0;5;5;13;23;28;4;0;0;0;101;23%;Buruk;;;Fringing Reef (Karang Tepi);-4.128874;121.412315;;
342;TIMUR;73;74;Wakatobi;;Wangi-Wangi;48;0;5;6;9;0;23;10;0;0;0;101;48%;Sedang;;;Fringing Reef (Karang Tepi);-5.359674;123.482895;;
343;TIMUR;74;75;Kendari Waters;;Labuan Baropa (ST 1);34;1;0;1;0;15;2;25;22;0;0;100;34%;Sedang;;;-;-4.057683;122.838135;;
344;TIMUR;75;76;Kendari Waters;;Toronipa (ST 2);22;2;2;5;1;40;0;6;23;0;0;101;22%;Buruk;;;Patch Reef (Karang Tambalan);-3.888746;122.641068;;
345;TIMUR;76;77;Kendari Waters;;P. Bokori (ST 3);55;4;0;1;1;27;2;3;7;0;0;100;55%;Baik;;;Patch Reef (Karang Tambalan);-3.945776;122.651367;;
346;TIMUR;77;78;Kendari Waters;;Labutaone (ST 4);41;3;0;5;0;51;1;0;1;0;0;102;40%;Sedang;;;Patch Reef (Karang Tambalan);-4.097921;122.783718;;
347;TIMUR;78;79;Kendari Waters;;Tg. Gomo (ST 5);9;0;0;0;1;14;1;34;42;0;0;101;9%;Buruk;;;Patch Reef (Karang Tambalan);-4.063762;122.762346;;
348;TIMUR;79;80;Kendari Waters;;Saponda (ST 6);41;1;1;5;1;21;0;6;24;0;0;100;41%;Sedang;;;Patch Reef (Karang Tambalan);-3.973286;122.643127;;
349;TIMUR;80;81;Kendari Waters;;Tondogeu (ST 7);31;0;3;0;0;24;0;11;31;0;0;100;31%;Sedang;;;Patch Reef (Karang Tambalan);-3.973861;122.628021;;
350;TIMUR;81;82;Kendari Waters;;Langara 1 (ST 8);20;10;3;0;1;20;0;2;44;0;0;100;20%;Buruk;;;Patch Reef (Karang Tambalan);-4.010033307;122.9717861;;
351;TIMUR;82;83;9 Kendari Waters;;Langara 2 (ST 9;44;1;2;5;0;20;2;8;17;0;0;99;44%;Sedang;;;Patch Reef (Karang Tambalan);-4.014237105;122.9739362;;
352;TIMUR;83;84;Konawe Selatan;;1 Tanjung Tiram Waters;18;8;11;5;6;17;5;19;10;0;0;99;18%;Buruk;;;Patch Reef (Karang Tambalan);-4.038334;122.673597;;
353;TIMUR;84;85;Konawe Selatan;;2 Tanjung Tiram Waters;18;9;10;5;7;14;8;20;8;0;0;99;18%;Buruk;;;Patch Reef (Karang Tambalan);-4.042871;122.673554;;
354;TIMUR;85;86;Konawe Selatan;;3 Tanjung Tiram Waters;12;0;10;3;7;13;13;29;12;0;0;99;12%;Buruk;;;Patch Reef (Karang Tambalan);-4.046351;122.672138;;
355;TIMUR;86;87;Buton Strait ;MunaRegency;Kogholifano Island (ST 1);71;0;0;19;0;9;0;0;0;0;0;99;72%;Baik;;;-;-4.969192;122.963791;;
356;TIMUR;87;88;Buton Strait ;MunaRegency;Tanjung Lagara (ST 2);58;0;0;21;1;20;1;0;0;0;0;101;57%;Baik;;;-;-4.967738;122.754707;;
357;TIMUR;88;89;Buton Strait ;MunaRegency;North Tanjung Labora (ST 3);38;0;0;23;4;15;5;10;5;0;0;100;38%;Sedang;;;-;-5.09197;122.614975;;
358;TIMUR;89;90;Buton Strait ;MunaRegency;South Tanjung Labora (ST 4);47;0;0;38;1;0;11;3;0;0;0;100;47%;Sedang;;;-;-5.123003;122.613516;;
359;TIMUR;90;91;Buton Strait ;MunaRegency;Tanjung Walengkabola (ST 5);62;0;0;11;0;0;10;12;5;0;0;100;62%;Baik;;;-;-5.189936;122.619781;;
360;TIMUR;91;92;Buton Strait ;MunaRegency;Pasikolaga Island (ST 6);61;0;0;3;4;4;1;12;14;0;0;99;62%;Baik;;;-;-5.098125;122.716255;;
361;TIMUR;92;93;Buton Strait;MunaRegency;Tanjung Tampanubale (ST 7);64;0;0;8;1;20;1;6;0;0;0;100;64%;Baik;;;-;-5.05743;122.736511;;
362;TIMUR;93;94;Buton Selatan;;1 Kadatua Islands;40;0;3;0;1;24;0;31;1;0;0;100;40%;Sedang;;;Fringing Reef (Karang Tepi);-5.522701;122.474899;;
363;TIMUR;94;95;Buton Selatan;;2 Kadatua Islands;34;1;11;0;1;40;0;14;0;0;0;101;34%;Sedang;;;Fringing Reef (Karang Tepi);-5.561425;122.485027;;
364;TIMUR;95;96;Buton;;Liwutonkidi Islands;45;0;3;0;1;48;0;1;3;0;0;101;45%;Sedang;;;Fringing Reef (Karang Tepi);-5.60004;122.503052;;
365;TIMUR;96;97;Buton Selatan;;1 Siompu Islands;24;0;6;3;1;18;3;30;16;0;0;101;24%;Buruk;;;Fringing Reef (Karang Tepi);-5.621623;122.51524;;
366;TIMUR;97;98;Buton Selatan;;2 Siompu Islands;44;1;3;0;0;49;0;2;2;0;0;101;44%;Sedang;;;Fringing Reef (Karang Tepi);-5.673043;122.467003;;
367;TIMUR;98;99;Konawe;;Pulau Bokori;51;0;0;0;0;37;3;5;3;0;0;99;52%;Baik;;;Fringing Reef (Karang Tepi);-3.953825;122.657547;;
368;TIMUR;99;100;Wakatobi;;Sampela Waters;6;11;9;1;0;12;1;32;0;0;29;101;6%;Buruk;;;Fringing Reef (Karang Tepi);-5.478616;123.741245;;
369;TIMUR;100;101;Wakatobi;;Wakatobi Marine National Park;19;14;6;3;0;0;5;22;5;0;26;100;19%;Buruk;;;Fringing Reef (Karang Tepi);-5.473063;123.758583;;
370;TIMUR;101;102;Buton;;1 Coastal water of Spelman Straits;43;0;0;0;19;0;39;0;0;0;0;101;43%;Sedang;;;Fringing Reef (Karang Tepi);-5.358184;122.264786;;
371;TIMUR;102;103;Buton;;2 Coastal water of Spelman Straits;43;0;2;3;19;0;34;0;0;0;0;101;43%;Sedang;;;Patch Reef (Karang Tambalan);-5.26464;122.254486;;
372;TIMUR;103;104;Buton;;3 Coastal water of Spelman Straits;39;0;5;4;6;0;36;3;6;0;0;99;39%;Sedang;;;Patch Reef (Karang Tambalan);-5.243786;122.275772;;
373;TIMUR;104;105;Buton;;4 Coastal water of Spelman Straits;44;41;5;2;7;0;0;0;2;0;0;101;44%;Sedang;;;Patch Reef (Karang Tambalan);-5.218363;122.264442;;
374;TIMUR;105;106;Buton;;5 Coastal water of Spelman Straits;36;0;4;1;4;0;42;5;8;0;0;100;36%;Sedang;;;Patch Reef (Karang Tambalan);-5.205151;122.267876;;
375;TIMUR;106;107;Konawe Utara;;1 Labengki Island;20;0;3;3;16;21;11;15;10;0;0;99;20%;Buruk;;;Fringing Reef (Karang Tepi);-3.503703;122.448463;;
376;TIMUR;107;108;Konawe Utara;;2 Labengki Island;42;0;2;4;0;24;2;9;8;0;9;100;42%;Sedang;;;Fringing Reef (Karang Tepi);-3.481551;122.468376;;
377;TIMUR;108;109;Konawe Utara;;3 Labengki Island;8;0;5;2;0;14;45;10;9;0;7;100;8%;Buruk;;;Fringing Reef (Karang Tepi);-3.452532;122.4543;;
378;TIMUR;109;110;Konawe Utara;;4 Labengki Island;21;0;5;3;0;4;55;7;3;0;2;100;21%;Buruk;;;Fringing Reef (Karang Tepi);-3.428776;122.426834;;
379;TIMUR;110;111;Konawe Utara;;5 Labengki Island;23;0;5;5;0;30;1;30;5;0;0;99;23%;Buruk;;;Fringing Reef (Karang Tepi);-3.397246;122.410955;;
380;TIMUR;111;112;MUNA;;1 KALISUSU BAY;36;0;4;2;0;50;4;1;0;0;3;100;36%;Sedang;;;Fringing Reef (Karang Tepi);-4.784907;123.130646;;
381;TIMUR;112;113;MUNA;;2. KALISUSU BAY;46;7;10;2;2;0;15;10;9;0;0;101;46%;Sedang;;;Fringing Reef (Karang Tepi);-4.782416;123.129959;;
382;TIMUR;113;114;MUNA;;3. KALISUSU BAY;64;14;12;2;2;0;0;8;0;0;0;102;63%;Baik;;;Fringing Reef (Karang Tepi);-4.839207;123.119316;;
383;TIMUR;114;115;MUNA;;4. KALISUSU BAY;66;9;12;2;2;0;0;9;0;0;0;100;66%;Baik;;;Fringing Reef (Karang Tepi);-4.839426;123.118629;;
384;TIMUR;115;116;MUNA;;5. KALISUSU BAY;56;10;26;0;3;0;0;0;5;0;0;100;56%;Baik;;;Fringing Reef (Karang Tepi);-4.849005;123.173904;;
385;TIMUR;116;117;Taman Nasional Wakatobi;;P. Runduma (ST 1);67;0;5;3;10;0;9;3;3;0;0;100;67%;Baik;;;Fringing Reef (Karang Tepi);-5.311646;124.309444;;
386;TIMUR;117;118;Taman Nasional Wakatobi;;Pulau Moromaho (ST 2);75;3;3;0;4;0;14;0;0;0;0;99;76%;Baik Sekali;;;Fringing Reef (Karang Tepi);-6.123444;124.59981;;
387;TIMUR;118;119;Taman Nasional Wakatobi;;Karang Kaledupa (ST 3);53;12;5;4;5;0;17;3;0;0;0;99;54%;Baik;;;Atoll Reef (Karang Cincin);-5.60549;123.583145;;
388;TIMUR;119;120;Wakatobi;;1 Perairan Pulau Tomia;40;22;3;2;6;0;3;10;15;0;0;101;40%;Sedang;;;-;-5.738292;123.936081;;
389;TIMUR;120;121;Wakatobi;;2 Perairan Pulau Tomia;32;27;5;14;2;0;2;9;10;0;0;101;32%;Sedang;;;-;-5.738292;123.936081;;
390;TIMUR;121;122;Wakatobi;;3 Perairan Pulau Tomia;42;7;5;18;13;0;10;5;0;0;0;100;42%;Sedang;;;-;-5.738292;123.936081;;
391;TIMUR;122;123;Wakatobi;;4 Perairan Pulau Tomia;28;13;0;9;24;0;5;10;10;0;0;99;28%;Sedang;;;-;-4.658127;122.408466;;
392;TIMUR;123;124;Kabupaten Muna;;1 Perairan Pulau Mandike Selat Tiworo;62;0;4;5;1;19;9;0;0;0;0;100;62%;Baik;;;-;-4.665142;122.408724;;
393;TIMUR;124;125;Kabupaten Muna;;2 Perairan Pulau Mandike Selat Tiworo;67;0;5;5;4;5;3;0;12;0;0;101;66%;Baik;;;-;-4.666581;122.405119;;
394;TIMUR;125;126;Kabupaten Muna;;3 Perairan Pulau Mandike Selat Tiworo;62;0;4;2;8;15;4;2;3;0;0;100;62%;Baik;;;-;-4.665655;122.402029;;
395;TIMUR;126;127;Kabupaten Muna;;4 Perairan Pulau Mandike Selat Tiworo;64;0;0;0;9;4;12;6;5;0;0;100;64%;Baik;;;-;-5.281221;123.522291;;
396;TIMUR;127;128;Wakatobi;;ST 1 (Shark Point);45;1;1;4;0;20;0;20;10;0;0;101;45%;Sedang;;;Fringing Reef (Karang Tepi);-5.336088;123.499203;;
397;TIMUR;128;129;Wakatobi;;Kapota 1 (ST 1);55;12;1;1;1;9;0;12;9;0;0;100;55%;Baik;;;Fringing Reef (Karang Tepi);-5.326773;123.464313;;
398;TIMUR;129;130;Wakatobi;;Kapota 2 (ST 2);24;21;2;5;3;20;0;15;10;0;0;100;24%;Buruk;;;Fringing Reef (Karang Tepi);-5.424275;123.594646;;
399;TIMUR;130;131;Wakatobi;;Komponaone;47;12;5;4;0;11;0;11;9;0;0;99;47%;Sedang;;;Fringing Reef (Karang Tepi);-5.450592;123.374405;;
400;TIMUR;131;132;Wakatobi;;Karang Kapota 1;28;22;1;1;2;13;6;12;15;0;0;100;28%;Sedang;;;Atoll Reef (Karang Cincin);-5.535345;123.392258;;
401;TIMUR;132;133;Wakatobi;;Karang Kapota 2 (ST6);35;42;8;0;2;1;0;9;2;0;0;99;35%;Sedang;;;Atoll Reef (Karang Cincin);-5.535345;123.392258;;
402;TIMUR;133;134;Wakatobi;;Karng Kapota 3 (ST 7);32;14;11;5;1;17;0;5;15;0;0;100;32%;Sedang;;;Atoll Reef (Karang Cincin);-5.471781;123.415604;;
403;TIMUR;134;135;Wakatobi;;Langgira (ST 8);30;13;11;5;1;20;0;8;12;0;0;100;30%;Sedang;;;Fringing Reef (Karang Tepi);-5.466997;123.724594;;
404;TIMUR;135;136;Wakatobi;;Furake (ST 9);42;24;6;0;1;10;0;8;9;0;0;100;42%;Sedang;;;Fringing Reef (Karang Tepi);-5.459136;123.760471;;
405;TIMUR;136;137;Wakatobi;;Beropa (ST 10);73;10;5;1;1;7;0;0;3;0;0;100;73%;Baik;;;Fringing Reef (Karang Tepi);-5.555165;123.75309;;
406;TIMUR;137;138;Wakatobi;;Lintea (ST 11);40;7;1;0;0;27;0;10;15;0;0;100;40%;Sedang;;;Fringing Reef (Karang Tepi);-5.523043;123.86055;;
407;TIMUR;138;139;Wakatobi;;Kaledupa Atoll 1 (ST 12);23;34;13;5;3;5;0;9;8;0;0;100;23%;Buruk;;;Atoll Reef (Karang Cincin);-5.847595;123.813858;;
408;TIMUR;139;140;Wakatobi;;Kaledupa Atoll 2 (ST 13);16;38;8;4;0;6;0;11;16;0;0;99;16%;Buruk;;;Atoll Reef (Karang Cincin);-5.771769;123.769569;;
409;TIMUR;140;141;Wakatobi;;Kaledupa Atoll 3 (ST 14);37;38;9;4;0;1;0;3;7;0;0;99;37%;Sedang;;;Atoll Reef (Karang Cincin);-5.715063;123.724594;;
410;TIMUR;141;142;Wakatobi;;Kaledupa Atoll 4 (ST 15);58;23;4;4;0;4;0;5;2;0;0;100;58%;Baik;;;Atoll Reef (Karang Cincin);-5.678509;123.659019;;
411;TIMUR;142;143;Teluk Moramo;;Pasi Jambe 1 (ST 1);23;10;2;0;0;20;0;25;15;0;5;100;23%;Buruk;;;Fringing Reef (Karang Tepi);-3.975512;122.672825;;
412;TIMUR;143;144;Teluk Moramo;;Pasi Jambe 2 (ST 2);42;12;4;0;0;8;0;18;10;2;4;100;42%;Sedang;;;Fringing Reef (Karang Tepi);-3.990924;122.689648;;
413;TIMUR;144;145;Teluk Moramo;;Hari Island (ST 3);71;4;4;0;0;10;2;0;6;0;3;100;71%;Baik;;;Fringing Reef (Karang Tepi);-4.018727;122.734108;;
414;TIMUR;145;146;Teluk Moramo;;Hari Island (ST 4);73;27;0;0;0;0;0;0;0;0;0;100;73%;Baik;;;Fringing Reef (Karang Tepi);-4.014586;122.770758;;
415;TIMUR;146;147;Teluk Moramo;;Labotaone (ST 5);50;3;0;0;0;20;0;0;25;0;2;100;50%;Baik;;;Fringing Reef (Karang Tepi);-4.088001;122.777023;;
416;TIMUR;147;148;Teluk Moramo;;Rumbi-Rumbia (ST 6);51;10;0;0;0;30;9;0;0;0;0;100;51%;Baik;;;Fringing Reef (Karang Tepi);-4.146804;122.758141;;
417;TIMUR;148;149;Teluk Moramo;;Panambea Barata Cape (ST 7);45;0;3;0;0;20;0;27;5;0;0;100;45%;Sedang;;;Fringing Reef (Karang Tepi);-4.135161;122.696342;;
418;TIMUR;149;150;Teluk Moramo;;Lara Island (ST 8);75;3;0;0;0;15;5;2;0;0;0;100;75%;Baik Sekali;;;Fringing Reef (Karang Tepi);-4.122491;122.725525;;
419;TIMUR;150;151;Teluk Moramo;;Wawosunggu Island (ST 9);47;0;0;0;0;1;28;1;11;12;0;100;47%;Sedang;;;Fringing Reef (Karang Tepi);-4.09989;122.669563;;
420;TIMUR;151;152;Spermonde;;1 P. Lae Lae;5;2;0;45;6;19;0;6;17;0;0;100;5%;Buruk;;;-;-5.131152;119.388943;;
421;TIMUR;152;153;Spermonde;;2 P. Lae Lae;15;5;0;33;1;30;3;0;13;0;0;100;15%;Buruk;;;-;-5.133588;119.390788;;
422;TIMUR;153;154;Spermonde;;3 P. Lae Lae;0;2;0;10;11;0;10;0;67;0;0;100;0%;Buruk;;;-;-5.135511;119.392204;;
423;TIMUR;154;155;Spermonde;;4 P. Lae Lae;2;1;0;9;15;50;1;5;17;0;0;100;2%;Buruk;;;-;-5.138119;119.391518;;
424;TIMUR;155;156;Spermonde;;5 P. Lae Lae;8;0;0;48;2;20;0;0;22;0;0;100;8%;Buruk;;;-;-5.136794;119.389844;;
425;TIMUR;156;157;Spermonde;;1 P. Bontosua;64;0;0;0;11;0;21;0;4;0;0;100;64%;Baik;;;-;-4.925096;119.322166;;
426;TIMUR;157;158;Spermonde;;2 P. Bontosua;21;0;0;0;3;39;0;0;37;0;0;100;21%;Buruk;;;-;-4.929713;119.316158;;
427;TIMUR;158;159;Spermonde;;3 P. Bontosua;26;0;0;0;7;34;0;0;33;0;0;100;26%;Sedang;;;-;-4.930675;119.322449;;
428;TIMUR;159;160;Spermonde;;4 P. Bontosua;18;0;0;0;1;11;0;0;70;0;0;100;18%;Buruk;;;-;-4.925694;119.315515;;
429;TIMUR;160;161;Spermonde;;5 P. Bontosua;4;0;0;0;3;17;0;6;50;20;0;100;4%;Buruk;;;-;-4.928116;119.322769;;
430;TIMUR;161;162;Spermonde;;P. Saugi;5;0;0;0;0;2;0;20;53;10;10;100;5%;Buruk;;;-;-4.766406;119.464663;;
431;TIMUR;162;163;Spermonde;;P. Satando;6;0;0;0;5;4;0;10;50;20;5;100;6%;Buruk;;;-;-4.769399;119.448913;;
432;TIMUR;163;164;Spermonde;;P. Sabutung;10;0;0;0;20;0;0;29;39;0;2;100;10%;Buruk;;;-;-4.750496;119.436126;;
433;TIMUR;164;165;Spermonde;;P. Bangkobangkoang;5;0;0;0;30;5;0;5;40;0;15;100;5%;Buruk;;;-;-4.773034;119.438099;;
434;TIMUR;165;166;Spermonde;;P. kulambing;10;0;0;0;0;30;0;20;40;0;0;100;10%;Buruk;;;-;-4.785565;119.43385;;
435;TIMUR;166;167;Spermonde;;P. Balang Caddi;10;0;0;0;0;30;0;10;50;0;0;100;10%;Buruk;;;-;-4.939255;119.418842;;
436;TIMUR;167;168;Spermonde;;P. Laiya;10;0;0;0;30;9;0;41;10;0;0;100;10%;Buruk;;;-;-4.820418;119.422349;;
437;TIMUR;168;169;Spermonde;;P. Balang Lompo;10;0;0;0;29;9;0;29;23;0;0;100;10%;Buruk;;;-;-5.047368;119.332957;;
438;TIMUR;169;170;Spermonde;;Barrang Caddi;10;0;0;0;19;3;0;8;60;0;0;100;10%;Buruk;;;-;-5.047112;119.332528;;
439;TIMUR;170;171;Spermonde;;P. Polewali;5;0;0;0;5;1;0;7;50;20;12;100;5%;Buruk;;;-;-4.844408;119.405741;;
440;TIMUR;171;172;Spermonde;;P Barrang Lompo;5;0;0;0;10;20;0;15;50;0;0;100;5%;Buruk;;;-;-5.04553;119.332184;;
441;TIMUR;172;173;Spermonde;;P Kodingareng Keke;10;0;0;0;4;15;0;11;50;5;5;100;10%;Buruk;;;-;-5.107043;119.289696;;
442;TIMUR;173;174;Spermonde;;P Karanrang;5;0;0;0;1;13;0;23;50;8;0;100;5%;Buruk;;;-;-4.853559;119.386001;;
443;TIMUR;174;175;Spermonde;;P Kodingareng Lompo;25;0;0;0;5;22;0;26;22;0;0;100;25%;Sedang;;;-;-5.146709;119.268542;;
444;TIMUR;175;176;Spermonde;;P Bonetambung;30;0;0;0;15;40;0;10;5;0;0;100;30%;Sedang;;;-;-5.037523;119.279711;;
445;TIMUR;176;177;Spermonde;;P Samalona;33;0;0;14;27;0;0;0;26;0;0;100;33%;Sedang;;;-;-5.124494;119.342751;;
446;TIMUR;177;178;Spermonde;;P Pajenekang;8;0;4;15;5;9;13;24;22;0;0;100;8%;Buruk;;;-;-4.971442;119.329437;;
447;TIMUR;178;179;Spermonde;;P Samatellu Lompo;3;0;0;0;2;2;0;1;70;10;12;100;3%;Buruk;;;-;-4.706962;119.331138;;
448;TIMUR;179;180;Spermonde;;P Salebo;3;0;0;0;4;9;0;3;50;20;11;100;3%;Buruk;;;-;-4.700768;119.301053;;
449;TIMUR;180;181;Spermonde;;P Badi;9;0;0;0;2;2;0;15;55;17;0;100;9%;Buruk;;;-;-4.968364;119.290284;;
450;TIMUR;181;182;Spermonde;;P Sarappo Lompo;19;0;0;0;22;2;0;2;54;1;0;100;19%;Buruk;;;-;-4.881269;119.270243;;
451;TIMUR;182;183;Spermonde;;1 P Kapoposang;36;0;0;0;4;0;38;0;22;0;0;100;36%;Sedang;;;-;-7.472475;117.172346;;
452;TIMUR;183;184;Spermonde;;2 P Kapoposang;45;0;0;0;6;0;38;0;11;0;0;100;45%;Sedang;;;-;-7.506211;117.252671;;
453;TIMUR;184;185;Spermonde;;3 P Kapoposang;47;0;0;0;10;0;12;0;32;0;0;101;47%;Sedang;;;-;-7.502656;117.229322;;
454;TIMUR;185;186;Spermonde;;4 P Kapoposang;41;0;0;0;2;0;40;0;18;0;0;101;41%;Sedang;;;-;-7.468087;117.177833;;
455;TIMUR;186;187;Spermonde;;5 P Kapoposang;42;0;0;1;2;0;31;0;25;0;0;101;42%;Sedang;;;-;-7.533895;117.24305;;
456;TIMUR;187;188;Spermonde;;6 P Kapoposang;29;0;0;0;5;0;48;0;17;0;0;99;29%;Sedang;;;-;-7.545618;117.304153;;
457;TIMUR;188;189;Spermonde;;1 P Samatellu Lompo;27;0;0;1;2;11;0;0;60;0;0;101;27%;Sedang;;;-;-4.706962;119.331138;;
458;TIMUR;189;190;Spermonde;;2 P Samatellu Lompo;9;0;0;3;7;8;0;0;74;0;0;101;9%;Buruk;;;-;-4.706962;119.331138;;
459;TIMUR;190;191;Spermonde;;3 P Samatellu Lompo;31;0;0;2;3;8;0;0;57;0;0;101;31%;Sedang;;;-;-4.706962;119.331138;;
460;TIMUR;191;192;Barru;;1 Putiangin;27;0;0;15;14;0;29;0;15;0;0;100;27%;Sedang;;;-;-4.48799;119.572234;;
461;TIMUR;192;193;Barru;;2 Putiangin;41;0;0;9;11;0;39;0;1;0;0;101;41%;Sedang;;;-;-4.488144;119.566011;;
462;TIMUR;193;194;Barru;;3 Putiangin;26;0;0;21;6;0;25;0;22;0;0;100;26%;Sedang;;;-;-4.48224;119.570088;;
463;TIMUR;194;195;Barru;;1 Batupute;7;4;0;29;7;25;0;7;22;0;0;101;7%;Buruk;;;-;-4.260267;119.607367;;
464;TIMUR;195;196;Barru;;2 Batupute;13;5;0;33;3;30;3;0;13;0;0;100;13%;Buruk;;;-;-4.259558;119.607525;;
465;TIMUR;196;197;Barru;;3 Batupute;13;0;0;30;9;0;2;0;45;0;0;99;13%;Buruk;;;-;-4.25884;119.606854;;
466;TIMUR;197;198;Sinjai;;1 Larearea;22;4;0;0;0;15;11;3;45;0;0;100;22%;Buruk;;;-;-5.058239;120.391359;;
467;TIMUR;198;199;Sinjai;;2 Larearea;10;0;0;0;0;14;2;14;60;0;0;100;10%;Buruk;;;-;-5.071044;120.393591;;
468;TIMUR;199;200;Sinjai;;3 Larearea;25;0;0;0;0;23;0;23;29;0;0;100;25%;Sedang;;;-;-5.073224;120.393419;;
469;TIMUR;200;201;Sinjai;;4 Larearea;47;1;0;0;0;24;8;0;20;0;0;100;47%;Sedang;;;-;-5.075789;120.391188;;
470;TIMUR;201;202;Sinjai;;5 Larearea;33;0;0;0;0;18;2;2;44;0;0;99;33%;Sedang;;;-;-5.068957;120.385866;;
471;TIMUR;202;203;Sinjai;;6 Larearea;21;0;0;0;0;26;0;7;45;0;0;99;21%;Buruk;;;-;-5.074044;120.386209;;
472;TIMUR;203;204;Palopo;;P Karang karangan;0;0;9;0;29;10;0;0;22;30;0;100;0%;Buruk;;;-;-2.990518;120.215845;;
473;TIMUR;204;205;Palopo;;1 PKP;1;0;0;0;0;0;82;0;17;0;0;100;1%;Buruk;;;-;-2.995501;120.219479;;
474;TIMUR;205;206;Palopo;;2 PKP;0;0;0;0;0;0;70;0;30;0;0;100;0%;Buruk;;;-;-2.992384;120.218964;;
475;TIMUR;206;207;Palopo;;3 PKP;7;0;0;0;1;0;82;0;10;0;0;100;7%;Buruk;;;-;-2.98853;120.212636;;
476;TIMUR;207;208;Wajo;;1 P Siwa;20;15;5;9;10;11;0;0;30;0;0;100;20%;Buruk;;;-;-3.676741;120.442772;;
477;TIMUR;208;209;Wajo;;2 P Siwa;22;0;0;0;19;10;0;0;49;0;0;100;22%;Buruk;;;-;-3.70541;120.448952;;
478;TIMUR;209;210;Wajo;;3 P Siwa;37;0;0;2;9;3;0;0;49;0;0;100;37%;Sedang;;;-;-3.705441;120.440884;;
479;TIMUR;210;211;Spermonde;;P Bonebatang;3;0;0;0;5;20;0;13;50;9;0;100;3%;Buruk;;;-;-5.013232259;119.3278192;;
480;TIMUR;211;212;Spermonde;;P Lumu-Lumu;18;0;0;0;14;15;0;20;18;15;0;100;18%;Buruk;;;-;-4.972321253;119.2150273;;
481;TIMUR;212;213;Spermonde;;P Podang-Podang Candi;14;0;5;20;3;3;0;3;41;0;11;100;14%;Buruk;;;-;-4.895529655;119.3590831;;
482;TIMUR;213;214;Spermonde;;P Sarappo Keke;5;0;0;0;5;4;0;15;50;0;20;99;5%;Buruk;;;-;-4.806271288;119.2326022;;
483;TIMUR;214;215;TP Balabalakang;;1 Salisingang;16;3;0;0;3;0;9;13;56;0;0;100;16%;Buruk;;;Fringing Reef (Karang Tepi);-2.324873;117.23212;;
484;TIMUR;215;216;TP Balabalakang;;2 Salisingang;26;1;0;0;4;1;7;32;30;0;0;101;26%;Sedang;;;Fringing Reef (Karang Tepi);-2.321671;117.23386;;
485;TIMUR;216;217;TP Balabalakang;;3 Salisingang;29;0;0;7;0;0;17;43;4;0;0;100;29%;Sedang;;;Fringing Reef (Karang Tepi);-2.311466;117.228;;
486;TIMUR;217;218;TP Balabalakang;;4 Salisingang;80;0;5;5;2;2;8;0;0;0;0;102;78%;Baik Sekali;;;Fringing Reef (Karang Tepi);-2.313638;117.2273;;
487;TIMUR;218;219;TP Balabalakang;;Gusung Durian;51;0;0;0;3;25;19;0;1;0;0;99;52%;Baik;;;Fringing Reef (Karang Tepi);-2.243734;117.1416;;
488;TIMUR;219;220;Polewali Mandar;;1 Battoa;5;0;2;10;2;60;11;10;0;0;0;100;5%;Buruk;;;-;-3.49542;119.37108;;
489;TIMUR;220;221;Polewali Mandar;;2 Battoa;3;0;2;2;2;60;10;15;6;0;0;100;3%;Buruk;;;-;-3.49591;119.37026;;
490;TIMUR;221;222;Polewali Mandar;;3 Battoa;2;0;0;0;0;68;10;10;10;0;0;100;2%;Buruk;;;-;-3.49724;119.36707;;
491;TIMUR;222;223;Polewali Mandar;;4 Salama;35;0;0;5;5;20;10;5;10;10;0;100;35%;Sedang;;;-;-3.4735;119.39665;;
492;TIMUR;223;224;Polewali Mandar;;5 Salama;25;0;0;0;0;25;0;20;20;10;0;100;25%;Sedang;;;-;-3.46956;119.39637;;
493;TIMUR;224;225;Polewali Mandar;;6 Salama;50;0;0;0;5;25;0;0;20;0;0;100;50%;Baik;;;-;-3.48131;119.39542;;
494;TIMUR;225;226;Polewali Mandar;;7 Karang Pisah;5;0;0;0;0;65;0;20;10;0;0;100;5%;Buruk;;;-;-3.49719;119.3998;;
495;TIMUR;226;227;Polewali Mandar;;8 Torajae;3;0;0;0;0;5;0;0;92;0;0;100;3%;Buruk;;;-;-3.49727;119.39261;;
496;TIMUR;227;228;Polewali Mandar;;9 Torajae;5;0;0;0;0;50;0;20;25;0;0;100;5%;Buruk;;;-;-3.49653;119.38753;;
497;TIMUR;228;229;Polewali Mandar;;10 Torajae;10;0;3;0;2;70;0;10;5;0;0;100;10%;Buruk;;;-;-3.49432;119.38245;;
498;TIMUR;229;230;Polewali Mandar;;11 Bottoa;5;0;0;0;0;40;0;5;50;0;0;100;5%;Buruk;;;-;-3.49752;119.36647;;
499;TIMUR;230;231;Polewali Mandar;;12 P Penampeng;5;0;0;60;0;10;0;0;25;0;0;100;5%;Buruk;;;-;-3.49707;119.35829;;
500;TIMUR;231;232;Polewali Mandar;;13 P Penampeng;5;0;0;0;0;25;0;0;70;0;0;100;5%;Buruk;;;-;-3.4975;119.3486;;
501;TIMUR;232;233;Polewali Mandar;;14 Patch Reef;20;0;10;0;5;15;5;0;45;0;0;100;20%;Buruk;;;-;-3.48545;119.34632;;
502;TIMUR;233;234;Polewali Mandar;;15 Patch Reef;20;0;5;0;5;20;0;0;20;30;0;100;20%;Buruk;;;-;-3.47925;119.35175;;
503;TIMUR;234;235;Polewali Mandar;;16 Desa Laliko;35;0;0;0;0;20;0;35;10;0;0;100;35%;Sedang;;;-;-3.51546967;119.0460562;;
504;TIMUR;235;236;Polewali Mandar;;17 Desa Laliko;60;0;0;0;0;10;0;20;10;0;0;100;60%;Baik;;;-;-3.510951455;119.0907333;;
505;TIMUR;236;237;Polewali Mandar;;18 Desa Laliko;75;0;0;5;0;10;0;0;10;0;0;100;75%;Baik Sekali;;;-;-3.519633982;119.0398843;;
506;TIMUR;237;238;Polewali Mandar;;19 Desa Laliko;80;0;0;0;0;10;0;0;10;0;0;100;80%;Baik Sekali;;;-;-3.514223645;119.0998263;;
507;TIMUR;238;239;Polewali Mandar;;20 Desa Balla;75;0;0;0;5;15;0;0;5;0;0;100;75%;Baik Sekali;;;-;-3.513248179;119.0944002;;
508;TIMUR;239;240;Polewali Mandar;;21 Desa Balla;45;0;0;0;0;15;0;0;40;0;0;100;45%;Sedang;;;-;-3.509489189;119.0874776;;
509;TIMUR;240;241;Polewali Mandar;;22 Bottoa;13;1;0;0;1;0;58;34;0;0;0;107;12%;Buruk;;;-;-3.494979795;119.3748914;;
510;TIMUR;241;242;Polewali Mandar;;23 Deadea;5;7;0;0;4;0;63;20;0;0;0;99;5%;Buruk;;;-;-3.480435;119.35729;;
511;TIMUR;242;243;Polewali Mandar;;24 P. Karamassang;19;8;0;0;10;0;27;15;22;0;0;101;19%;Buruk;;;-;-3.473773;119.41928;;
512;TIMUR;243;244;Polewali Mandar;;25 P. Panampeang;11;8;0;0;2;0;52;27;0;0;0;100;11%;Buruk;;;-;-3.473773;119.41928;;
513;TIMUR;244;245;Polewali Mandar;;26 Pasir Putih;8;4;0;0;2;11;44;15;15;0;0;99;8%;Buruk;;;-;-3.490907;119.39017;;
514;TIMUR;245;246;Polewali Mandar;;27 P. Salama;17;0;0;0;8;0;37;37;0;0;0;99;17%;Buruk;;;-;-3.505379624;119.0605094;;
515;TIMUR;246;247;Malaumkarta;;1 Pulau OUM;45;2;0;25;0;3;5;0;20;0;0;100;45%;Sedang;;;-;-0.747994959;131.5416718;;
516;TIMUR;247;248;Malaumkarta;;2 Pulau OUM;80;3;0;0;0;7;7;0;3;0;0;100;80%;Baik Sekali;;;-;-0.717168836;131.5955748;;
517;TIMUR;248;249;Malaumkarta;;3 Pulau OUM;25;2;0;35;0;10;3;0;25;0;0;100;25%;Sedang;;;-;-0.739091316;131.5778167;;
518;TIMUR;249;250;Werur;;Shipwreck;10;60;2;0;0;5;3;0;20;0;0;100;10%;Buruk;;;-;-0.35697855;132.1787194;;
519;TIMUR;250;251;Werur;;Pulau Amsterdam;70;10;0;0;0;5;0;15;0;0;0;100;70%;Baik;;;-;-0.343406736;132.1739827;;
520;TIMUR;251;252;Werur;;Pulau Kecil;50;5;0;0;0;15;0;0;25;5;0;100;50%;Baik;;;-;-0.362320435;132.1918821;;
521;TIMUR;252;253;Misool Timur;;Matlo;20;60;2;0;0;10;0;0;8;0;0;100;20%;Buruk;;;-;-1.901483305;129.7325907;;
522;TIMUR;253;254;Misool Timur;;Teluk Matlo;10;5;0;0;0;35;5;0;30;15;0;100;10%;Buruk;;;-;-1.892060309;129.7337174;;
523;TIMUR;254;255;Misool Timur;;Pulau Gayang;35;0;0;45;0;10;5;0;5;0;0;100;35%;Sedang;;;-;-1.892060309;129.7337174;;
524;TIMUR;255;256;Misool Timur;;Pulau Demawef;40;0;0;25;0;35;0;0;0;0;0;100;40%;Sedang;;;-;-1.864399204;129.7258167;;
525;TIMUR;256;257;Misool Timur;;Pulau Senyo Kecil;70;0;0;5;0;5;0;20;0;0;0;100;70%;Baik;;;-;-1.675871941;129.8666114;;
526;TIMUR;257;258;Misool Timur;;Pulau Li;55;0;5;0;0;5;0;10;25;0;0;100;55%;Baik;;;-;-1.608482332;129.9955469;;
527;TIMUR;258;259;Misool Timur;;Reef Katapu;45;5;0;0;0;25;5;0;20;0;0;100;45%;Sedang;;;-;-1.798937071;129.8350671;;
528;TIMUR;259;260;Misool Selatan;;Pulau Fal Pulo;5;0;0;65;0;5;0;0;15;10;0;100;5%;Buruk;;;-;-1.750322326;130.3971959;;
529;TIMUR;260;261;Kabupaten Sorong;;1 Pulau Dom;27;2;4;8;10;23;1;10;4;1;10;100;27%;Sedang;;;Fringing Reef (Karang Tepi);-0.888655;131.231346;;
530;TIMUR;261;262;Kota Sorong;;2 P. Matan;80;2;0;2;1;10;3;0;1;0;1;100;80%;Baik Sekali;;;-;-0.930919;131.132274;;
531;TIMUR;262;263;Kota Sorong;;1 Pulau Soop;71;0;4;9;0;0;7;9;0;0;0;100;71%;Baik;;;-;-0.897409;131.197698;;
532;TIMUR;263;264;Kota Sorong;;2 Pulau Soop;43;5;1;16;3;19;0;5;4;1;3;100;43%;Sedang;;;Fringing Reef (Karang Tepi);-0.890944;131.211194;;
533;TIMUR;264;265;Kota Sorong;;1 Pulau Nana;16;14;5;6;5;2;38;1;0;5;9;101;16%;Buruk;;;-;-0.91423;131.230873;;
534;TIMUR;265;266;Kota Sorong;;2 Pulau Nana;39;0;3;10;10;0;12;27;0;0;0;101;39%;Sedang;;;-;-0.921846;131.245551;;
535;TIMUR;266;267;Kota Sorong;;3 Pulau Nana;49;3;0;21;2;0;13;11;3;0;1;103;48%;Sedang;;;-;-0.894577;131.244135;;
536;TIMUR;267;268;Kota Sorong;;4 Pulau Nana;75;0;0;11;3;0;6;7;0;0;0;102;74%;Baik;;;-;-0.891387;131.230351;;
537;TIMUR;268;269;Kota Sorong;;5 Pulau Nana;32;0;6;10;8;7;0;19;8;0;10;100;32%;Sedang;;;Fringing Reef (Karang Tepi);-0.912599;131.228341;;
538;TIMUR;269;270;Kota Sorong;;Pulau Suprau;35;2;3;20;8;12;0;8;10;0;2;100;35%;Sedang;;;-;-0.791334;131.321982;;
539;TIMUR;270;271;Kabupaten sorong;;Kabupaten sorong;47;4;5;11;5;2;13;9;2;1;1;100;47%;Sedang;;;-;-0.679763;131.678005;;
540;TIMUR;271;272;Pantai Suprau;;Pantai Suprau;35;2;3;20;8;12;0;8;10;0;2;100;35%;Sedang;;;-;-0.823603;131.224308;;
541;TIMUR;272;273;Raja Ampat;;1 Salawati;45;5;0;2;0;0;38;4;6;0;0;100;45%;Sedang;;;Fringing Reef (Karang Tepi);-0.99476;131.13312;;
542;TIMUR;273;274;Raja Ampat;;2 Salawati;10;5;0;36;5;2;7;18;14;4;0;101;10%;Buruk;;;Fringing Reef (Karang Tepi);-0.92609;131.12479;;
543;TIMUR;274;275;Raja Ampat;;3 Salawati;11;6;0;1;2;0;10;67;3;0;0;100;11%;Buruk;;;Fringing Reef (Karang Tepi);-0.95859;131.14466;;
544;TIMUR;275;276;Semau Selatan;;1 Teluk Akle;10;40;0;0;0;10;15;7;0;0;18;100;10%;Buruk;;;-;-10.3182888;123.3718234;;
545;TIMUR;276;277;Semau Selatan;;2 Teluk Akle;6;39;0;0;0;4;3;16;14;0;18;100;6%;Buruk;;;-;-10.32736062;123.3749716;;
546;TIMUR;277;278;TN LAUT SAWU;;1 Rote Timur, Bolatena;39;9;0;0;4;15;0;16;10;0;7;100;39%;Sedang;;;-;-9.265416784;123.9963807;;
547;TIMUR;278;279;TN LAUT SAWU;;2 Rote Timur, Namoina;24;16;0;1;3;13;0;14;11;0;17;99;24%;Buruk;;;-;-9.252285648;123.9874152;;
548;TIMUR;279;280;TN LAUT SAWU;;3 Rote Timur, Pulau Kambing;18;22;0;0;10;18;0;15;7;0;11;101;18%;Buruk;;;-;-8.447220731;118.6947616;;
549;TIMUR;280;281;TN LAUT SAWU;;4 Rote Timur, Rotedale;29;20;0;0;2;0;6;25;9;0;8;99;29%;Sedang;;;-;-8.446685084;118.6969216;;
550;TIMUR;281;282;TN LAUT SAWU;;5 Rote Timur, Tanjung Fukuafa;10;11;0;0;0;12;0;15;37;0;15;100;10%;Buruk;;;-;-8.446059442;118.6997596;;
551;TIMUR;282;283;TN LAUT SAWU;;6  Selat Mulut Seribu, Tanjung Mondo;15;9;0;0;4;25;0;21;19;0;7;100;15%;Buruk;;;-;-8.449159114;118.6998164;;
552;TIMUR;284;285;TN LAUT SAWU;;8. Selat Mulut Seribu, Tanjung Mandoi;18;15;0;1;2;20;0;14;20;0;10;100;18%;Buruk;;;-;-9.471220422;123.831797;;
553;TIMUR;285;286;TN LAUT SAWU;;9. Selat Mulut Seribu, Pulau Boti;23;18;0;0;4;19;0;11;17;0;7;99;23%;Buruk;;;-;-9.426041085;123.8783981;;
554;TIMUR;286;287;TN LAUT SAWU;;10. Selat Mulut Seribu, Peus;5;14;0;4;3;11;0;9;43;0;12;101;5%;Buruk;;;-;-9.895701407;123.6011124;;
555;TIMUR;287;288;TN LAUT SAWU;;10. Selat Mulut Seribu, Peubilba;10;12;0;17;4;12;0;6;33;0;6;100;10%;Buruk;;;-;-9.666862055;123.6721671;;
556;TIMUR;288;289;TN LAUT SAWU;;11. Selat Mulut Seribu, Mulut Due;24;15;0;3;6;24;0;0;22;0;5;99;24%;Buruk;;;-;-10.58589042;123.1914784;;
557;TIMUR;289;290;TN LAUT SAWU;;12. Selat Mulut Seribu, Batu Kapal;16;16;0;3;1;20;0;8;20;0;16;100;16%;Buruk;;;-;-9.644393165;123.6660321;;
558;TIMUR;290;291;TN LAUT SAWU;;Pulau Rote, Daiama 2;9;32;1;0;1;49;0;1;8;0;0;101;9%;Buruk;;;-;-10.48051239;123.3390793;;
559;TIMUR;291;292;TN LAUT SAWU;;Pulau Rote, Daiama 1;21;17;0;4;2;17;0;14;22;0;3;100;21%;Buruk;;;-;-10.51190228;123.2784239;;
560;TIMUR;292;293;TN LAUT SAWU;;Pulau Rote, Sotimori 2;14;19;0;0;1;54;0;1;9;0;0;98;14%;Buruk;;;-;-10.50983225;123.2864543;;
561;TIMUR;293;294;TN LAUT SAWU;;Pulau Rote, Sotimori 1;4;0;0;31;0;40;0;1;21;0;3;100;4%;Buruk;;;-;-10.55733885;123.2321943;;
562;TIMUR;294;295;TN LAUT SAWU;;Pulau Rote, Bolatena;12;3;0;40;0;37;0;1;8;0;0;101;12%;Buruk;;;-;-10.29433938;123.4747546;;
563;TIMUR;295;296;TN LAUT SAWU;;Pulau Rote, Tesabela;22;1;1;1;0;36;0;6;4;30;0;101;22%;Buruk;;;-;-10.30862588;123.4742456;;
564;TIMUR;296;297;TN LAUT SAWU;;Pulau Rote, Ngodimeda;4;2;0;26;0;42;0;0;26;0;0;100;4%;Buruk;;;-;-10.68451141;123.0861102;;
565;TIMUR;297;298;TN LAUT SAWU;;Pulau Rote, Onotali;8;0;0;5;1;50;0;10;26;0;0;100;8%;Buruk;;;-;-10.70240704;123.0687533;;
566;TIMUR;298;299;TN LAUT SAWU;;Pulau Rote, Metina;2;0;0;56;0;30;0;2;10;0;0;100;2%;Buruk;;;-;-10.71983287;123.0477515;;
567;TIMUR;299;300;TN LAUT SAWU;;Pulau Rote, Netenaen;2;0;1;11;0;58;0;2;26;0;1;101;2%;Buruk;;;-;-10.74105104;122.9492872;;
568;TIMUR;300;301;TN LAUT SAWU;;Pulau Rote, Oelua;2;2;0;35;0;36;0;1;24;0;0;100;2%;Buruk;;;-;-10.74162117;122.9154912;;
569;TIMUR;301;302;TN LAUT SAWU;;Pulau Rote, Boni;2;1;0;2;1;25;0;37;26;0;6;100;2%;Buruk;;;-;-10.76039244;122.8501373;;
570;TIMUR;302;303;SAP SELAT PANTAR;;Selat Pantar, Sebanjar;45;0;0;0;10;24;0;0;0;0;20;99;45%;Sedang;;;-;-8.309029;124.321032;;
571;TIMUR;303;304;SAP SELAT PANTAR;;Selat Pantar, Hula;52;0;0;0;14;14;0;0;0;0;21;101;51%;Baik;;;-;-8.414330418;121.123498;;
572;TIMUR;304;305;SAP SELAT PANTAR;;Selat Pantar, Alaang;63;0;0;0;8;15;0;0;0;0;14;100;63%;Baik;;;-;-8.179487;124.314079;;
573;TIMUR;305;306;SAP SELAT PANTAR;;Selat Pantar, Solangbali;43;0;0;0;12;26;0;0;0;0;19;100;43%;Sedang;;;-;-8.179487;124.314079;;
574;TIMUR;306;307;SAP SELAT PANTAR;;Selat Pantar, Melangwala;57;0;0;0;9;9;0;0;0;0;26;101;56%;Baik;;;-;-8.179487;124.314079;;
575;TIMUR;307;308;SAP SELAT PANTAR;;Selat Pantar, Malal;34;0;0;0;13;20;0;0;0;0;32;99;34%;Sedang;;;-;-8.179487;124.314079;;
576;TIMUR;308;309;SAP SELAT PANTAR;;Selat Pantar, Reta;28;0;0;0;15;25;0;0;0;0;32;100;28%;Sedang;;;-;-8.179487;124.314079;;
577;TIMUR;309;310;SAP SELAT PANTAR;;Selat Pantar, Jawa Toda;69;0;0;0;12;9;0;0;0;0;10;100;69%;Baik;;;-;-8.179487;124.314079;;
578;TIMUR;310;311;SAP SELAT PANTAR;;Selat Pantar, Munaseli;58;0;0;0;17;15;0;0;0;0;10;100;58%;Baik;;;-;-8.179487;124.314079;;
579;TIMUR;311;312;SAP SELAT PANTAR;;Selat Pantar, Ternate;64;0;0;0;15;12;0;0;0;0;9;100;64%;Baik;;;-;-8.179487;124.314079;;
580;TIMUR;312;313;SAP SELAT PANTAR;;Selat Pantar, Humapura;64;0;0;0;22;8;0;0;0;0;6;100;64%;Baik;;;-;-8.179487;124.314079;;
581;TIMUR;313;314;SAP SELAT PANTAR;;Selat Pantar, Ternate Selatan;79;0;0;0;7;1;0;0;0;0;12;99;80%;Baik Sekali;;;-;-8.179487;124.314079;;
582;TIMUR;314;315;SAP SELAT PANTAR;;Selat Pantar, Buaya 1;76;0;0;0;9;5;0;0;0;0;10;100;76%;Baik Sekali;;;-;-8.179487;124.314079;;
583;TIMUR;315;316;SAP SELAT PANTAR;;Selat Pantar, Buaya 2;63;0;0;0;14;7;0;0;0;0;15;99;64%;Baik;;;-;-8.179487;124.314079;;
584;TIMUR;316;317;Pulau Timor;;Silawan;16;15;1;0;2;25;0;11;29;0;0;99;16%;Buruk;;;-;-8.179487;124.314079;;
585;TIMUR;317;318;Pulau Timor;;Kenebibi 1;10;2;1;0;2;32;0;11;41;0;0;99;10%;Buruk;;;-;-8.179487;124.314079;;
586;TIMUR;318;319;Pulau Timor;;Kenebibi 2;9;22;0;0;2;13;0;4;50;0;0;100;9%;Buruk;;;-;-8.179487;124.314079;;
587;TIMUR;319;320;Alor;;Desa Elok;20;38;2;0;2;27;0;0;11;0;0;100;20%;Buruk;;;-;-8.179487;124.314079;;
588;TIMUR;320;321;Alor;;Desa Kalona;11;7;1;0;3;23;0;15;40;0;0;100;11%;Buruk;;;-;-8.179487;124.314079;;
589;TIMUR;321;322;Alor;;Desa Maritaing;7;29;5;0;13;14;0;5;27;0;0;100;7%;Buruk;;;-;-8.179487;124.314079;;
590;TIMUR;322;323;Pulau Gili Matra;;1  Gili Matra;17;2;2;0;0;1;1;51;27;0;0;101;17%;Buruk;;;-;-8.360575;116.043949;;
591;TIMUR;323;324;Teluk Saleh Sumbawa;;1 Teluk Saleh;69;0;2;0;1;8;4;8;9;0;0;101;68%;Baik;;;-;-8.410564;117.599031;;
592;TIMUR;324;325;Teluk Saleh Sumbawa;;2 Teluk Saleh;22;0;0;3;9;6;0;4;57;0;0;101;22%;Buruk;;;-;-8.413621;117.608797;;
593;TIMUR;325;326;Teluk Saleh Sumbawa;;3 Teluk Saleh;7;0;0;3;8;13;4;17;48;0;0;100;7%;Buruk;;;-;-8.412482;117.652691;;
594;TIMUR;326;327;Teluk Saleh Sumbawa;;4 Teluk Saleh;49;0;0;0;1;43;1;5;1;0;0;100;49%;Sedang;;;-;-8.523638;117.671221;;
595;TIMUR;327;328;Teluk Saleh Sumbawa;;5 Teluk Saleh;25;0;0;26;0;19;8;21;1;0;0;100;25%;Sedang;;;-;-8.467279;117.727088;;
596;TIMUR;328;329;Teluk Saleh Sumbawa;;6 Teluk Saleh;26;0;0;0;0;13;6;55;1;0;0;101;26%;Sedang;;;-;-8.483918;117.765539;;
597;TIMUR;329;330;Teluk Saleh Sumbawa;;7 Teluk Saleh;26;0;0;0;0;13;6;55;1;0;0;101;26%;Sedang;;;-;-8.480805;117.76525;;
598;TIMUR;330;331;Teluk Saleh Sumbawa;;8 Teluk Saleh;56;0;1;0;0;17;6;10;11;0;0;101;55%;Baik;;;-;-8.509101;117.684939;;
599;TIMUR;331;332;Teluk Saleh Sumbawa;;9 Teluk Saleh;45;0;2;0;0;29;4;17;2;0;0;99;45%;Sedang;;;-;-8.529445;117.692285;;
600;TIMUR;332;333;Teluk Saleh Sumbawa;;10 Teluk Saleh;49;0;2;0;0;29;0;17;2;0;0;99;49%;Sedang;;;-;-8.558898;117.704149;;
601;TIMUR;333;334;Teluk Saleh Sumbawa;;10 Teluk Saleh;40;0;1;0;0;38;1;3;15;0;0;98;41%;Sedang;;;-;-8.67151;117.952685;;
602;TIMUR;334;335;Pulau Gili Matra;;6. Gili Matra;21;1;1;0;0;0;0;58;15;0;5;101;21%;Buruk;;;-;-8.356668;116.063519;;
603;TIMUR;335;336;Pulau Gili Matra;;7 Gili Matra;27;8;11;0;0;8;1;34;8;0;3;100;27%;Sedang;;;-;-8.355085;116.050386;;
604;TIMUR;336;337;Pulau Gili Matra;;8 Gili Matra;17;0;0;0;1;0;0;0;82;0;0;100;17%;Buruk;;;-;-8.362103;116.071072;;
605;TIMUR;337;338;Pulau Gili Matra;;9 Gili Matra;51;16;5;0;1;1;0;20;2;0;3;99;52%;Baik;;;-;-8.357857;116.089268;;
606;TIMUR;338;339;Pulau Gili Matra;;10. Gili Matra;47;0;4;0;1;1;0;13;18;0;16;100;47%;Sedang;;;-;-8.346648;116.089268;;
607;TIMUR;339;340;Pulau Gili Matra;;11.Gili Matra;56;2;2;0;0;0;0;34;3;0;2;99;57%;Baik;;;-;-8.350554;116.073303;;
608;TIMUR;340;341;Pulau Gili Gede;;1 Giligede;24;0;1;0;0;41;0;17;17;0;0;100;24%;Buruk;;;-;-8.74470434;115.9158041;;
609;TIMUR;341;342;Pulau Gili Layar;;1. Gililayar;9;43;7;5;0;29;2;3;2;0;0;100;9%;Buruk;;;-;-8.731296245;115.9042099;;
610;TIMUR;342;343;Pulau Gili Asahan;;1. Gili Asahan;26;4;4;0;1;21;4;21;12;0;8;101;26%;Sedang;;;-;-8.731082921;115.8886591;;
611;TIMUR;343;344;Gili Air Zona Inti;;1. Gili Air;10;0;0;32;0;43;0;8;7;0;0;100;10%;Buruk;;;-;-8.348307;116.078635;;
612;TIMUR;344;345;Gili Air perik berkelanjutan;;2. Gili Air;70;0;0;0;0;13;0;1.7;17;0;0;101.7;69%;Baik;;;-;-8.361746;116.075194;;
613;TIMUR;345;346;Teluk Nipah Pemenang LU;;1 Teluk Nipah;47;0;0;0;37;0;2;0;14;0;0;100;47%;Sedang;;;-;-8.43484;116.039666;;
614;TIMUR;346;347;Teluk Nipah;PemenangLU;2 Teluk Nipah Dalam;17;0;0;0;25;25;0;0;33;0;0;100;17%;Buruk;;;-;-8.435222;116.039364;;
615;TIMUR;347;348;Teluk Nipah;PemenangLU;3 Teluk Nipah T1.3 m;47;0;0;0;37;0;2;0;14;0;0;100;47%;Sedang;;;-;-8.434897;116.039752;;
616;TIMUR;348;349;Teluk Nipah;PemenangLU;3 Teluk Nipah T1.7m;22;0;0;0;19;0;1;0;58;0;0;100;22%;Buruk;;;-;-8.434897;116.039752;;
617;TIMUR;349;350;Teluk Nipah;PemenangLU;4 Teluk Nipah T2.3 m;17;0;0;0;29;0;3;0;51;0;0;100;17%;Buruk;;;-;-8.431359;116.044899;;
618;TIMUR;350;351;Teluk Nipah;PemenangLU;4 Teluk Nipah T2.7 m;14;0;0;0;31;0;1;0;54;0;0;100;14%;Buruk;;;-;-8.431359;116.044899;;
619;TIMUR;351;352;Teluk Nipah;PemenangLU;5 Teluk Nipah T3.3 m;26;0;0;0;24;0;24;0;26;0;0;100;26%;Sedang;;;-;-8.426088;116.043445;;
620;TIMUR;352;353;Teluk Nipah;PemenangLU;5 Teluk Nipah T3.7;10;0;0;0;39;0;25;0;25;0;0;99;10%;Buruk;;;-;-8.426088;116.043445;;
621;TIMUR;353;354;Sekotong;;Gili Layar;68;0;0;0;1;8;15;0;8;0;0;100;68%;Baik;;;-;-8.746474;115.89074;;
622;TIMUR;354;355;Sekotong;;Gili Sudak;32;0;0;6;1;58;1;0;2;0;0;100;32%;Sedang;;;-;-8.716576;115.917515;;
623;TIMUR;355;356;Sekotong;;Elak-Elak;28;0;26;7;7;8;1;5;12;6;0;100;28%;Sedang;;;-;-8.73085;115.984521;;
624;TIMUR;356;357;Sekotong;;Pulau Suda;23;2;0;0;0;22;18;28;7;0;0;100;23%;Buruk;;;-;-8.722749;116.021268;;
625;TIMUR;357;358;Sekotong;;Gili Tangkong;37;5;0;0;0;11;40;3;4;0;0;100;37%;Sedang;;;-;-8.724185;116.011743;;
626;TIMUR;358;359;Sekotong;;Gili Nanggu;58;8;0;0;0;15;7;8;4;0;0;100;58%;Baik;;;-;-8.713917;116.007604;;
627;TIMUR;359;360;Sekotong;;Gili Naggu 2;30;10;0;0;0;14;14;10;22;0;0;100;30%;Sedang;;;-;-8.719186;116.006562;;
628;TIMUR;360;361;Sekotong;;Gili Renggit;12;20;0;0;0;14;38;8;8;0;0;100;12%;Buruk;;;-;-8.711678;115.913145;;
629;TIMUR;361;362;Sekotong;;Gili Asahan;30;5;0;0;0;18;25;14;8;0;0;100;30%;Sedang;;;-;-8.730757;115.883661;;
630;TIMUR;362;363;Lombok Barat;;1 Gili Menghilang;78;0;4;1;0;6;0;10;2;0;0;101;77%;Baik Sekali;;;Atoll Reef (Karang Cincin);-8.357047023;116.1101824;;
631;TIMUR;363;364;Lombok Barat;;2 Gili Menghilang;27;0;2;28;0;6;0;33;2;2;0;100;27%;Sedang;;;-;-5.133031;119.488365;;
632;TIMUR;364;365;Lombok Barat;;3 Gili Suda Timur;29;0;0;1;1;5;0;0;36;28;0;100;29%;Sedang;;;-;-8.417278372;116.0491314;;
633;TIMUR;365;366;Lombok Barat;;4 Gili Suda Barat;45;0;0;21;0;3;3;18;0;10;0;100;45%;Sedang;;;-;-8.400378713;116.0715783;;
634;TIMUR;366;367;Lombok Barat;;5 Gili Tangkong Utara;78;0;0;0;0;9;0;8;1;4;0;100;78%;Baik Sekali;;;-;-8.402095359;116.0651602;;
635;TIMUR;367;368;Lombok Barat;;6 Gili Tangkong Utara;38;0;1;0;1;6;0;47;0;7;0;100;38%;Sedang;;;-;-8.39994454;116.0687072;;
636;TIMUR;368;369;Lombok Barat;;7 Gili Kedis;45;0;0;21;0;3;0;21;0;10;0;100;45%;Sedang;;;-;-8.44687;116.032013;;
637;TIMUR;369;370;Lombok Barat;;8 Gili Kedis;6;0;1;1;12;21;0;30;9;20;0;100;6%;Buruk;;;-;-8.414663189;116.0506303;;
638;TIMUR;370;371;Lombok Barat;;9 Gili Poh Timur;7;4;4;0;1;60;0;19;8.5;6;0;109.5;6%;Buruk;;;-;-8.363206465;116.0294039;;
639;TIMUR;371;372;Lombok Barat;;10 Gili Poh Timur;45;0;9;0;1;3;0;39;0;3;0;100;45%;Sedang;;;-;-8.369903116;116.0964915;;
640;TIMUR;372;373;Lombok Barat;;1 Taket Elak-Elak;29;0;5;6;1;11;0;32;12;5;0;101;29%;Sedang;;;-;-8.356595286;116.0263663;;
641;TIMUR;373;374;Lombok Barat;;2 Taket Elak-Elak;7;11;1;4;10;3;0;45;0;17;0;98;7%;Buruk;;;-;-8.357631359;116.1011335;;
642;TIMUR;374;375;Pantai Krakas;;Dekat Kawasan KALP 1;29;0;0;5;3;31;0;11;9;0;13;101;29%;Sedang;;;-;-8.310941;116.188673;;
643;TIMUR;375;376;Pulau Krakas;;Dekat Kawasan KALP 2;46;0;0;0;0;19;1;21;5;0;8;100;46%;Sedang;;;-;-8.307455;116.191646;;
644;TIMUR;376;377;Pantai Krakas;;Jauh dari KALP;51;0;0;4;0;26;0;8;4;0;6;99;52%;Baik;;;-;-8.30375;116.191506;;
645;TIMUR;377;378;Sumbawa Selat Alas;;P. Belang (Selatan);57;33;0;0;8;0;0;0;2;0;0;100;57%;Baik;;;-;-8.55853;116.76557;;
646;TIMUR;378;379;Sumbawa Selat Alas;;P. Belang (Timur);30;16;0;0;11;13;0;0;30;0;0;100;30%;Sedang;;;-;-8.53982;116.78985;;
647;TIMUR;379;380;Sumbawa Selat Alas;;P. Belang (Utara);38;39;0;0;6;0;0;1;15;0;0;99;38%;Sedang;;;-;-8.52902;116.778633;;
648;TIMUR;380;381;Sumbawa Selat Alas;;P. Kalong (Selatan);11;30;0;0;3;43;0;1;12;0;0;100;11%;Buruk;;;-;-8.50498;116.86898;;
649;TIMUR;381;382;Sumbawa Selat Alas;;G.Kenawa;30;54;0;0;4;10;0;0;2;0;0;100;30%;Sedang;;;-;-8.50022;116.83022;;
650;TIMUR;382;383;Sumbawa Selat Alas;;G.Mandiki;29;24;0;0;3;15;0;20;10;0;0;101;29%;Sedang;;;-;-8.4939;116.807817;;
651;TIMUR;383;384;Sumbawa Selat Alas;;G. Namo (Barat Daya);17;36;0;0;1;10;0;15;20;0;0;99;17%;Buruk;;;-;-8.51764;116.847701;;
652;TIMUR;384;385;Sumbawa Selat Alas;;G.Namo (Utara);10;36;0;0;1;14;0;14;25;0;0;100;10%;Buruk;;;-;-8.50143;116.847701;;
653;TIMUR;385;386;Sumbawa Selat Alas;;Pasareang (Barat);70;24;0;0;1;0;0;2;3;0;0;100;70%;Baik;;;-;-8.5144;116.783;;
654;TIMUR;386;387;Sumbawa Selat Alas;;Pasareang (Utara);17;43;0;0;4;13;0;12;11;0;0;100;17%;Buruk;;;-;-8.511179;116.789461;;
655;TIMUR;387;388;P. Maitara;;1 Maitara;18;1;0;0;0;0;16;66;0;0;0;101;18%;Buruk;;;-;0.722754;127.364939;;
656;TIMUR;388;389;Halmahera Utara;;1 Pantai Luari;30;6;0;14;0;0;41;10;0;0;0;101;30%;Sedang;;;-;1.808059;127.93052;;
657;TIMUR;389;390;Halmahera Utara;;2 Pantai Luari;48;14;0;0;0;0;36;2;0;0;0;100;48%;Sedang;;;-;1.808686;127.92987;;
658;TIMUR;390;391;Halmahera utara;;3 Pantai Luari;71;2;0;0;0;0;21;6;0;0;0;100;71%;Baik;;;-;1.809464;127.929575;;
659;TIMUR;391;392;Halmahera Utara;;4 Pantai Luari;53;5;0;0;0;0;36;6;0;0;0;100;53%;Baik;;;-;1.809975;127.929328;;
660;TIMUR;392;393;Kota Daruba;P.Morotai;1 Kota Daruba;19;4;0;11;7;20;5;4;20;0;10;100;19%;Buruk;;;-;2.051189;128.290477;;
661;TIMUR;393;394;Kota Daruba;P.Morotai;2 Kota daruba;21;0;0;23;1;20;9;17;10;0;0;101;21%;Buruk;;;-;2.05114;128.290524;;
662;TIMUR;394;395;Kota Daruba;PulauMorotai;3 Kota Daruba;14;14;0;14;0;0;10;23;25;0;0;100;14%;Buruk;;;-;2.051034;128.290495;;
663;TIMUR;395;396;Kota Daruba;PulauMorotai.;4 Kota daruba;11;3;0;16;0;25;0;25;20;0;0;100;11%;Buruk;;;-;2.051004;128.290476;;
664;TIMUR;396;397;P. Makian;;1 P. Makian;45;0;3;2;0;0;1;24;25;0;0;100;45%;Sedang;;;-;0.278663;127.405797;;
665;TIMUR;397;398;P. Makian;;2 P. Makian;53;0;1;1;0;0;0;20;20;0;6;101;52%;Baik;;;-;0.278148;127.41534;;
666;TIMUR;398;399;P. Makian;;3 P. Makian;80;0;15;0;0;0;0;5;0;0;0;100;80%;Baik Sekali;;;-;0.277118;127.404734;;
667;TIMUR;399;400;P. Makian;;4 P. Makian;87;0;10;0;0;0;1;3;0;0;0;101;86%;Baik Sekali;;;-;0.27563;127.4023;;
668;TIMUR;400;401;Halmahera Utara;;P. Kakaralamo;26;5;2;3;5;47;0;13;0;0;0;101;26%;Sedang;;;-;1.746627;128.036397;;
669;TIMUR;401;402;Pulau Dodola;;2 Dodola;79;2;0;0;9;0;4;6;0;0;0;100;79%;Baik Sekali;;;-;2.100479;128.186946;;
670;TIMUR;402;403;Pulau Dodolo;;3 Dodola;79;2;0;0;9;0;4;6;0;0;0;100;79%;Baik Sekali;;;-;2.013731;128.21811;;
671;TIMUR;403;404;Seram Bagian Timur;;1 P. Koon;32;26;0;5;13;8;0;0;16;0;0;100;32%;Sedang;;;-;-3.921593;131.204231;;
672;TIMUR;404;405;Seram Bagian Timur;;2 P. Koon;33;16;3;6;16;17;0;0;10;0;0;101;33%;Sedang;;;-;-3.910896;131.172011;;
673;TIMUR;405;406;Seram Bagian Timur;;3 P. Koon;32;35;5;5;10;8;0;0;5;0;0;100;32%;Sedang;;;-;-3.925253;131.20974;;
674;TIMUR;406;407;P. Ambon;;1 Hila;27;0;0;0;7;3;6;55;2;0;1;101;27%;Sedang;;;-;-3.580205;128.08648;;
675;TIMUR;407;408;P. Ambon;;2 Hila;69;0;3;4;1;3;3;16;0;0;1;100;69%;Baik;;;-;-3.579909;128.086384;;
676;TIMUR;408;409;P. Ambon;;1 Liang;14;1;2;1;1;9;16;39;8;0;11;102;14%;Buruk;;;-;-3.495445;128.254062;;
677;TIMUR;409;410;P. Ambon;;2 Liang;4;1;8;4;0;13;12;49;7;0;3;101;4%;Buruk;;;-;-3.493303;128.257326;;
678;TIMUR;410;411;P. Ambon;;1 Morella;36;9;1;0;2;6;15;26;5;0;0;100;36%;Sedang;;;-;-3.527842;128.212561;;
679;TIMUR;411;412;P. Ambon;;2 Morella;17;2;4;5;1;25;2;33;11;0;0;100;17%;Buruk;;;-;-3.52812;128.212911;;
680;TIMUR;412;413;P. Ambon;;1 Kaitetu;14;0;1;1;0;13;3;39;27;0;2;100;14%;Buruk;;;-;-3.58895;128.05155;;
681;TIMUR;413;414;P. Ambon;;2 Kaitetu;9;1;6;3;1;32;2;11;29;0;8;102;9%;Buruk;;;-;-3.586466;128.050174;;
682;TIMUR;414;415;Maluku Tengah;;1 P. Saparua;74;0;2;3;9;7;5;0;0;0;0;100;74%;Baik;;;-;-3.494174;128.705523;;
683;TIMUR;415;416;Maluku Tengah;;2 P. Saparua;27;0;3;3;4;9;14;7;34;0;0;101;27%;Sedang;;;-;-3.50414;128.689415;;
684;TIMUR;416;417;Maluku Tengah;;3 P. Saparua;85;0;0;0;0;4;4;0;7;0;0;100;85%;Baik Sekali;;;-;-3.513857;128.688443;;
685;TIMUR;417;418;Maluku Tengah;;4 P. Saparua;78;0;0;1;11;0;10;0;0;0;0;100;78%;Baik Sekali;;;-;-3.527071;128.645814;;
686;TIMUR;418;419;Maluku Tengah;;5 P. Saparua;90;0;0;2;1;3;0;0;4;0;0;100;90%;Baik Sekali;;;-;-3.502398;128.611497;;
687;TIMUR;419;420;Maluku Tengah;;1 Laut Banda;59;0;4;3;10;10;0;3;12;0;0;101;58%;Baik;;;-;-4.509391;129.908699;;
688;TIMUR;420;421;Maluku Tengah;;2 Laut Banda;54;0;0;1;20;9;1;6;9;0;0;100;54%;Baik;;;-;-4.517117;129.910511;;
689;TIMUR;421;422;Maluku Tengah;;3 Laut Banda;71;0;2;3;2;15;1;0;6;0;0;100;71%;Baik;;;-;-4.534358;129.892415;;
690;TIMUR;422;423;Maluku Tengah;;4 Laut Banda;62;0;0;0;18;0;0;4;16;0;0;100;62%;Baik;;;-;-4.545342;129.904343;;
691;TIMUR;423;424;Maluku Tengah;;1 P. Pombo;63;31;0;0;1;5;0;0;0;0;0;100;63%;Baik;;;Atoll Reef (Karang Cincin);-3.530737;128.374755;;
692;TIMUR;424;425;Maluku Tengah;;2 P. Pombo;8;3;0;0;0;38;0;14;38;0;0;101;8%;Buruk;;;Atoll Reef (Karang Cincin);-3.531137;128.374068;;
693;TIMUR;425;426;Maluku Tengah;;3 P. Pombo;46;7;0;0;0;21;0;14;12;0;0;100;46%;Sedang;;;Atoll Reef (Karang Cincin);-3.531119;128.373963;;
694;TIMUR;426;427;Maluku Tengah;;4 P. Pombo;21;2;0;15;2;32;0;12;17;0;0;101;21%;Buruk;;;Atoll Reef (Karang Cincin);-3.530933;128.373879;;
695;TIMUR;427;428;Maluku Tengah;;5 P. Pombo;15;1;0;21;1;27;18;9;9;0;0;101;15%;Buruk;;;Atoll Reef (Karang Cincin);-3.53154;128.376542;;
696;TIMUR;428;429;Maluku Tengah;;6 P. Pombo;21;5;0;1;0;17;0;44;12;0;0;100;21%;Buruk;;;Atoll Reef (Karang Cincin);-3.532186;128.380307;;
697;TIMUR;429;430;Maluku Tengah;;7 P. Pombo;21;7;0;1;1;13;0;46;10;0;0;99;21%;Buruk;;;Atoll Reef (Karang Cincin);-3.529591;128.379457;;
698;TIMUR;430;431;Maluku Tengah;;8 P. Pombo;5;5;0;14;1;13;0;13;51;0;0;102;5%;Buruk;;;Atoll Reef (Karang Cincin);-3.528763;128.380226;;
699;TIMUR;431;432;Maluku Tengah;;9 P. Pombo;52;2;2;0;0;21;0;7;17;0;0;101;51%;Baik;;;Atoll Reef (Karang Cincin);-3.527678;128.381041;;
700;TIMUR;432;433;Maluku Tengah;;10 P. Pombo;38;3;3;1;0;25;0;8;23;0;0;101;38%;Sedang;;;Atoll Reef (Karang Cincin);-3.524008;128.378899;;
701;TIMUR;433;434;Maluku Tengah;;11 P. Pombo;34;3;2;0;0;14;0;42;5;0;0;100;34%;Sedang;;;Atoll Reef (Karang Cincin);-3.522741;128.375592;;
702;TIMUR;434;435;Maluku Tengah;;12 P. Pombo;17;0;2;0;0;40;0;12;29;0;0;100;17%;Buruk;;;Atoll Reef (Karang Cincin);-3.525893;128.373836;;
703;TIMUR;435;436;Maluku Tengah;;13 P. Pombo;7;0;0;1;0;57;0;17;18;0;0;100;7%;Buruk;;;Atoll Reef (Karang Cincin);-3.528563;128.372204;;
704;TIMUR;436;437;Maluku Tengah;;14 P. Pombo;52;4;1;0;2;18;0;24;0;0;0;101;51%;Baik;;;Atoll Reef (Karang Cincin);-3.527878;128.371604;;
705;TIMUR;437;438;Maluku Tengah;;1 P. Isau;72;0;1;2;4;0;3;0;18;0;0;100;72%;Baik;;;-;-2.779159;129.063914;;
706;TIMUR;438;439;Maluku Tengah;;2 P. Isau;71;0;0;2;9;5;0;7;6;0;0;100;71%;Baik;;;-;-2.784502;129.067176;;
707;TIMUR;439;440;Maluku Tengah;;3 P. Isau;77;0;0;0;12;2;2;0;7;0;0;100;77%;Baik Sekali;;;-;-2.786259;129.066483;;
708;TIMUR;440;441;Maluku Tengah;;1 Pelau, Haruku;41;0;0;9;8;10;0;0;33;0;0;101;41%;Sedang;;;-;-3.516137;128.472837;;
709;TIMUR;441;442;Maluku Tengah;;2 Pelau, Haruku;16;0;2;3;3;27;0;3;46;0;0;100;16%;Buruk;;;-;-3.51587;128.47314;;
710;TIMUR;442;443;Maluku Tengah;;3 Pelau, Haruku;41;0;0;9;8;6;0;0;37;0;0;101;41%;Sedang;;;-;-3.516059;128.473352;;
711;TIMUR;443;444;Maluku Tengah;;4 Waimital, Haruku;15;0;0;2;2;21;0;0;60;0;0;100;15%;Buruk;;;-;-3.519564;128.514422;;
712;TIMUR;444;445;Maluku Tengah;;5 Waimital, Haruku;35;0;4;2;7;15;0;1;35;0;0;99;35%;Sedang;;;-;-3.519603;128.517564;;
713;TIMUR;445;446;Maluku Tengah;;6 Hulaliu, Haruku;65;0;0;3;15;8;0;0;9;0;0;100;65%;Baik;;;-;-3.545261;128.558778;;
714;TIMUR;446;447;Maluku Tengah;;7 Hulaliu, Haruku;67;0;8;2;1;12;0;0;11;0;0;101;66%;Baik;;;-;-3.542937;128.556608;;
715;TIMUR;447;448;Maluku Tengah;;1 Teluk Ambon;56;9;3;3;1;24;0;1;4;0;0;101;55%;Baik;;;-;-3.748068;128.026141;;
716;TIMUR;448;449;Maluku Tengah;;2 Teluk Ambon;6;2;4;0;2;26;0;2;57;0;0;99;6%;Buruk;;;-;-3.678591;128.136911;;
717;TIMUR;449;450;Maluku Tengah;;3 Teluk Ambon;82;2;0;0;0;8;0;0;7;0;0;99;83%;Baik Sekali;;;-;-3.755355;128.127844;;
718;TIMUR;450;451;Maluku Tengah;;4 Teluk Ambon;30;20;0;1;0;24;0;0;26;0;0;101;30%;Sedang;;;-;-3.717234;128.148015;;
719;TIMUR;451;452;Maluku Tengah;;5 Teluk Ambon;49;2;0;0;0;33;0;7;7;2;0;100;49%;Sedang;;;-;-3.663373;128.18849;;
720;TIMUR;452;453;Maluku Tengah;;6 Teluk Ambon;11;0;0;0;0;52;0;0;1;36;0;100;11%;Buruk;;;-;-3.643644;128.194673;;
721;TIMUR;453;454;Maluku Tengah;;7 Teluk Ambon;10;0;0;1;0;50;0;24;0;15;0;100;10%;Buruk;;;-;-3.660632;128.205313;;
722;TIMUR;454;455;Maluku Tengah;;8 Teluk Ambon;8;0;0;0;0;55;0;0;0;37;0;100;8%;Buruk;;;-;-3.63375;128.238653;;
723;TIMUR;455;456;Seram Bagian Barat;;1 Seram Bagian Barat;52;6;4;11;1;7;3;6;11;0;0;101;51%;Baik;;;-;-3.310209;128.060815;;
724;TIMUR;456;457;Seram Bagian Barat;;2 Seram Bagian Barat;58;5;4;9;0;5;4;5;10;0;0;100;58%;Baik;;;-;-3.308528;128.060812;;
725;TIMUR;457;458;Seram Bagian Barat;;3 Seram Bagian Barat;63;6;5;10;0;0;4;4;8;0;0;100;63%;Baik;;;-;-3.309592;128.060653;;
726;TIMUR;458;459;Maluku Barat Daya;;1 Uhak, Wetar;8;5;2;5;8;6;0;27;40;0;0;101;8%;Buruk;;;-;-7.600633;126.45412;;
727;TIMUR;459;460;Maluku Barat Daya;;2 Lurang, Wetar;66;5;0;3;8;9;3;0;6;0;0;100;66%;Baik;;;-;-7.660409;126.356711;;
728;TIMUR;460;461;Maluku Barat Daya;;3 Laitutun, Leti;38;20;0;0;1;18;0;1;23;0;0;101;38%;Sedang;;;-;-8.179179;127.749554;;
729;TIMUR;461;462;Maluku Barat Daya;;4 Batumiau, Leti;38;20;0;0;1;18;0;1;23;0;0;101;38%;Sedang;;;-;-8.173742;127.740638;;
730;TIMUR;462;463;Maluku Barat Daya;;1 P. Moa;38;28;0;0;9;23;0;1;1;0;0;100;38%;Sedang;;;-;-8.132535;127.779346;;
731;TIMUR;463;464;Maluku Barat Daya;;2 P. Moa;44;1;0;0;0;46;0;6;2;0;0;99;44%;Sedang;;;-;-8.148169;127.780025;;
732;TIMUR;464;465;Maluku Barat Daya;;3 P. Moa;45;1;0;1;1;18;2;31;1;0;0;100;45%;Sedang;;;-;-8.208885;127.851446;;
733;TIMUR;465;466;Maluku Barat Daya;;4 P. Moa;21;0;0;0;1;65;0;6;7;0;0;100;21%;Buruk;;;-;-8.22276;127.944787;;
734;TIMUR;466;467;Maluku Barat Daya;;5 P. Moa;25;23;0;1;7;32;2;8;2;0;0;100;25%;Sedang;;;-;-8.166521;127.785526;;
735;TIMUR;467;468;Maluku Barat Daya;;1 P. Wetar Barat;27;4;4;0;2;38;0;9;15;0;0;99;27%;Sedang;;;-;-8.016318;125.771492;;
736;TIMUR;468;469;Maluku Barat Daya;;2 P. Wetar Barat;23;3;5;5;3;59;0;0;3;0;0;101;23%;Buruk;;;-;-7.957039;125.732375;;
737;TIMUR;469;470;Maluku Barat Daya;;3 P. Wetar Barat;53;3;2;0;2;31;0;1;8;0;0;100;53%;Baik;;;-;-7.678613;126.328067;;
738;TIMUR;470;471;Maluku Barat Daya;;4 P. Wetar Barat;40;6;3;0;16;31;0;2;2;0;0;100;40%;Sedang;;;-;-7.991351;125.84851;;
739;TIMUR;471;472;Maluku Barat Daya;;5 P. Wetar Barat;27;20;5;0;8;30;0;4;7;0;0;101;27%;Sedang;;;-;-7.991351;125.84851;;
740;TIMUR;472;473;Maluku Barat Daya;;6 P. Wetar Barat;20;17;11;0;10;33;0;1;9;0;0;101;20%;Buruk;;;-;-7.680059;125.932532;;
741;TIMUR;473;474;Maluku Barat Daya;;7 P. Wetar Barat;24;17;6;0;2;37;0;2;12;0;0;100;24%;Buruk;;;-;-7.672049;125.931308;;
742;TIMUR;474;475;Maluku Barat Daya;;8 P. Wetar Barat;39;11;7;0;6;33;0;1;3;0;0;100;39%;Sedang;;;-;-7.744381;125.913885;;
743;TIMUR;475;476;Maluku Barat Daya;;9 P. Wetar Barat;23;5;27;0;13;27;0;1;6;0;0;102;23%;Buruk;;;-;-7.777187;125.856992;;
744;TIMUR;476;477;Maluku Barat Daya;;1 P. Wetar Utara;32;13;5;0;3;39;1;2;5;0;0;100;32%;Sedang;;;-;-7.723211;126.178707;;
745;TIMUR;477;478;Maluku Barat Daya;;2 P. Wetar Utara;22;19;5;1;3;40;0;4;8;0;0;102;22%;Buruk;;;-;-7.690266;126.027124;;
746;TIMUR;478;479;Maluku Barat Daya;;3 P. Wetar Utara;31;7;8;0;3;40;0;6;6;0;0;101;31%;Sedang;;;-;-7.686991;126.02298;;
747;TIMUR;479;480;Maluku Barat Daya;;4 P. Wetar Selatan;21;1;36;0;8;27;1;3;3;0;0;100;21%;Buruk;;;-;-7.915463;125.951561;;
748;TIMUR;480;481;Maluku Barat Daya;;5 P. Wetar Selatan;24;6;15;0;11;36;0;1;5;0;0;98;24%;Buruk;;;-;-7.917765;125.945563;;
749;TIMUR;481;482;Maluku Barat Daya;;6 P. Kisar Utara;23;8;6;0;1;21;0;6;36;0;0;101;23%;Buruk;;;-;-8.012458;127.189762;;
750;TIMUR;482;483;Maluku Barat Daya;;7 P. Kisar Utara;35;6;7;0;5;37;0;5;4;0;0;99;35%;Sedang;;;-;-8.07277;127.217261;;
751;TIMUR;483;484;Maluku Barat Daya;;8 P. Kisar Utara;35;6;7;0;5;37;0;0;10;0;0;100;35%;Sedang;;;-;-8.074512;127.143759;;
752;TIMUR;484;485;Maluku Barat Daya;;9 P. Kisar Utara;20;14;3;0;2;26;0;5;31;0;0;101;20%;Buruk;;;-;-8.080659;127.219194;;
753;TIMUR;485;486;Maluku Barat Daya;;10 P. Moa Lakor;36;8;6;0;4;44;1;1;1;0;0;101;36%;Sedang;;;-;-8.102399;127.827205;;
754;TIMUR;486;487;Maluku Barat Daya;;11 P. Moa;14;13;6;1;5;52;0;4;5;0;0;100;14%;Buruk;;;-;-8.144628;128.03246;;
755;TIMUR;487;488;Maluku Barat Daya;;12 Pulau Romang;24;20;10;0;11;31;0;2;3;0;0;101;24%;Buruk;;;-;-7.577733;127.589573;;
756;TIMUR;488;489;Maluku Barat Daya;;13 Pulau Romang;22;11;4;0;5;41;0;8;10;0;0;101;22%;Buruk;;;-;-7.59672;127.450357;;
757;TIMUR;489;490;Maluku Barat Daya;;14 Pulau Romang;9;17;8;0;6;22;0;3;35;0;0;100;9%;Buruk;;;-;-7.508571;127.419828;;
758;TIMUR;490;491;Maluku Barat Daya;;15 Pulau Romang;26;10;29;0;15;12;0;2;6;0;0;100;26%;Sedang;;;-;-7.59024;127.363831;;
759;TIMUR;491;492;Maluku Tenggara;;1 Pulau Kei Kecil;43;0;2;3;25;1;13;0;13;0;0;100;43%;Sedang;;;-;-5.558945;132.557138;;
760;TIMUR;492;493;Maluku Tenggara;;2 Pulau Kei Kecil;68;0;2;5;0;3;10;2;10;0;0;100;68%;Baik;;;-;-5.617395;132.588087;;
761;TIMUR;493;494;Maluku Tenggara;;3 Pulau Kei Kecil;58;0;2;3;7;0;21;0;9;0;0;100;58%;Baik;;;-;-5.652686;132.637108;;
762;TIMUR;494;495;Maluku Temnggara;;4 Pulau Kei Kecil;45;0;0;0;18;21;12;1;3;0;0;100;45%;Sedang;;;-;-5.667021;132.633319;;
763;TIMUR;495;496;Maluku Tenggara;;5 Pulau Kei Kecil;35;0;0;1;32;0;15;0;18;0;0;101;35%;Sedang;;;-;-5.675861;132.6414;;
764;TIMUR;496;497;Maluku Tenggara;;6 Pulau Kei Kecil;28;0;0;0;33;15;15;0;10;0;0;101;28%;Sedang;;;-;-5.686153;132.634091;;
765;TIMUR;497;498;Maluku Tenggara;;7 Pulau Kei Kecil;85;0;0;0;8;0;7;0;0;0;0;100;85%;Baik Sekali;;;-;-5.701441;132.625509;;
766;TIMUR;498;499;Maluku Tenggara;;8 Pulau Kei Kecil;75;0;0;0;2;4;2;0;18;0;0;101;74%;Baik;;;-;-5.69648;132.652237;;
767;TIMUR;499;500;Maluku Tenggara;;9 Pulau Kei Kecil;55;0;3;5;17;6;12;0;2;0;0;100;55%;Baik;;;-;-5.716928;132.658466;;
768;TIMUR;500;501;Maluku Tenggara;;10 Pulau Kei Kecil;40;0;0;0;23;10;12;0;15;0;0;100;40%;Sedang;;;-;-5.723337;132.635173;;
769;TIMUR;501;502;Maluku Tenggara;;11 Pulau Kei Kecil;52;0;3;5;3;7;8;0;22;0;0;100;52%;Baik;;;-;-5.745018;132.659831;;
770;TIMUR;502;503;Bima;TNB;Sai Wonto Toru;3;2;3;12;0;20;10;20;20;10;0;100;3%;Buruk;;;Fringing Reef (Karang Tepi);-8.349827;118.688734;;
771;TIMUR;503;504;Bima;TNB;Sai  Soromandi;25;10;5;5;5;5;20;10;15;5;5;110;23%;Buruk;;;Fringing Reef (Karang Tepi);-8.329207;118.675845;;
772;TIMUR;504;505;Bima;TNB;Sai Induk Dermaga;25;20;5;5;5;10;5;5;15;5;0;100;25%;Sedang;;;Fringing Reef (Karang Tepi);-8.304274;118.661326;;
773;TIMUR;505;506;Bima;TNB;Sai Sulambe;15;5;2;5;5;20;3;5;20;20;0;100;15%;Buruk;;;Fringing Reef (Karang Tepi);-8.309275;118.661347;;
774;TIMUR;506;507;Bima;TNB;Sai sulambe utara;30;5;0;5;0;10;5;5;25;5;10;100;30%;Sedang;;;Fringing Reef (Karang Tepi);-8.287645;118.640514;;
775;TIMUR;507;508;Bima;TNB;Sai Tanjung 1;5;10;5;0;5;20;0;10;30;5;10;100;5%;Buruk;;;Fringing Reef (Karang Tepi);-8.287606;118.625934;;
776;TIMUR;508;509;Bima;TNB;Sai Tanjung 2;5;10;2;10;3;10;5;15;30;5;5;100;5%;Buruk;;;Fringing Reef (Karang Tepi);-8.278511;118.611695;;
777;TIMUR;509;510;Bima;TNB;Sai Doro;20;10;0;5;5;10;5;20;15;5;5;100;20%;Buruk;;;Fringing Reef (Karang Tepi);-8.272444;118.596626;;
778;TIMUR;510;511;Bima;TNB;Kolo so ati;60;0;0;0;10;10;0;10;10;0;0;100;60%;Baik;;;Fringing Reef (Karang Tepi);-8.358733;118.724796;;
779;TIMUR;511;512;Bima;TNB;Kolo so numbe;30;10;5;5;5;20;5;5;10;0;5;100;30%;Sedang;;;Fringing Reef (Karang Tepi);-8.349781;118.726188;;
780;TIMUR;512;513;Bima;TNB;Kolo so numbe Tebing;50;10;2;3;5;5;5;5;15;0;0;100;50%;Baik;;;Fringing Reef (Karang Tepi);-8.341001;118.730453;;
781;TIMUR;513;514;Bima;TNB;Oi Fanda;60;5;2;0;5;10;3;0;10;5;0;100;60%;Baik;;;Fringing Reef (Karang Tepi);-8.336287;118.746058;;
782;TIMUR;514;515;Bima;TNB;so sapu Nipa;15;5;5;0;0;20;0;20;20;5;10;100;15%;Buruk;;;Fringing Reef (Karang Tepi);-8.325851;118.753951;;
783;TIMUR;515;516;Bima;TNB;Toro nanga Nipa;35;10;0;5;5;15;5;0;5;15;5;100;35%;Sedang;;;Fringing Reef (Karang Tepi);-8.307875;118.76599;;
784;TIMUR;516;517;Bima;TNB;Sarae bura Nipa;35;10;5;5;0;20;5;0;10;5;5;100;35%;Sedang;;;Fringing Reef (Karang Tepi);-8.302586;118.78085;;
785;TIMUR;517;518;Bima;TNB;Depan SD Mawu;25;3;2;5;5;15;5;10;20;5;5;100;25%;Sedang;;;Fringing Reef (Karang Tepi);-8.30088;118.78656;;
786;TIMUR;518;519;Bima;TNB;Toro Kaforo;75;0;0;0;0;10;0;0;15;0;0;100;75%;Baik Sekali;;;-;-8.437037232;119.0365473;;
787;TIMUR;519;520;Bima;TNB;Poja Nara;60;0;0;0;0;5;5;0;0;0;30;100;60%;Baik;;;-;-8.450375839;119.0499391;;
788;TIMUR;520;521;Bima;TNB;Toro Poja NaE;30;2;0;0;3;20;5;35;0;5;0;100;30%;Sedang;;;-;-8.465929212;119.0523697;;
789;TIMUR;521;522;Bima;TNB;Toro Prongge;25;60;0;0;5;0;0;0;10;10;0;110;23%;Buruk;;;-;-8.484894491;119.0498212;;
790;TIMUR;522;523;Bima;TNB;Toro Wamba;15;10;0;0;5;35;0;0;20;15;0;100;15%;Buruk;;;-;-8.497992337;119.0476445;;
791;TIMUR;523;524;Bima;TNB;Toro Kamboi;10;5;0;0;0;30;5;50;0;0;0;100;10%;Buruk;;;-;-8.55627156;119.0454273;;
792;TIMUR;524;525;Bima;TNB;Toro Kamboi 1;15;70;0;0;10;5;0;0;0;0;0;100;15%;Buruk;;;-;-8.559117235;119.0391002;;
793;TIMUR;525;526;Bima;TNB;Lampu Suar;5;50;0;0;15;0;0;0;20;10;0;100;5%;Buruk;;;-;-8.566310577;119.0379919;;
794;TIMUR;526;527;Bima;TNB;So Jati;90;10;0;0;0;0;0;0;0;0;0;100;90%;Baik Sekali;;;-;-8.609154625;119.1106436;;
795;TIMUR;527;528;Bima;TNB;Pantai Pink;5;60;0;0;15;0;0;0;20;0;0;100;5%;Buruk;;;-;-8.600994064;119.1316538;;
796;TIMUR;528;529;Bima;TNB;Oi Pai;55;40;0;0;5;0;0;0;0;0;0;100;55%;Baik;;;-;-8.587022831;119.1502623;;
797;TIMUR;529;530;Bima;TNB;So Pai;5;25;0;0;0;0;0;0;70;0;0;100;5%;Buruk;;;-;-8.583583512;119.1703737;;
798;TIMUR;530;531;Bima;TNB;Ramu Toro Maria;80;0;0;0;0;20;0;0;0;0;0;100;80%;Baik Sekali;;;-;-8.603688545;119.184669;;
799;TIMUR;531;532;Bima;TNB;Toro Maria;5;60;0;0;10;0;0;0;25;0;0;100;5%;Buruk;;;-;-8.643684046;119.15816;;
800;TIMUR;532;533;Bima;TNB;Pulau Kelapa pasir Putih;15;50;0;0;5;0;0;30;0;0;0;100;15%;Buruk;;;-;-8.652408;119.223557;;
801;TIMUR;533;534;Bima;TNB;Pulau Kelapa Toro;40;10;5;5;5;10;5;20;0;0;0;100;40%;Sedang;;;-;-8.654843;119.216852;;
802;TIMUR;534;535;Sulawesi Tenggara;;Desa Lolano;20;5;5;15;5;20;0;10;20;0;0;100;20%;Buruk;;;-;-3.888863;122.623973;;
803;TIMUR;535;536;Sulawesi Tenggara;;Atowutu;30;5;5;9;6;20;0;10;15;0;0;100;30%;Sedang;;;-;-3.888446;122.64298;;
804;TIMUR;536;537;Sulawesi Tenggara;;Toronipa 1;20;5;5;10;5;10;0;30;15;0;0;100;20%;Buruk;;;-;-3.891083;122.661295;;
805;TIMUR;537;538;Sulawesi Tenggara;;Toronipa 2;10;5;5;10;7;15;0;25;23;0;0;100;10%;Buruk;;;-;-3.905978;122.67405;;
806;TIMUR;538;539;Sulawesi Tenggara;;Bukori 1;0;0;0;0;2;0;0;0;98;0;0;100;0%;Buruk;;;-;-3.929423;122.681137;;
807;TIMUR;539;540;Sulawesi Tenggara;;Bukori 2;25;35;5;5;4;11;0;10;5;0;0;100;25%;Sedang;;;-;-3.949875;122.68592;;
808;TIMUR;540;541;Sulawesi Tenggara;;Bukori 3;15;5;5;6;9;5;0;20;35;0;0;100;15%;Buruk;;;-;-3.952799;122.649156;;
809;TIMUR;541;542;Sulawesi Tenggara;;Tapulaga;40;5;10;2;8;20;0;5;10;0;0;100;40%;Sedang;;;-;-3.941875;122.643643;;
810;TIMUR;542;543;Sulawesi Tenggara;;Lalimboe Jaya;10;5;5;5;4;70;0;1;0;0;0;100;10%;Buruk;;;-;-3.848766;122.511021;;
811;TIMUR;543;544;Sulawesi Tenggara;;Mutuipanteu;0;0;0;0;0;0;0;0;100;0;0;100;0%;Buruk;;;-;-3.808147;122.481705;;
812;TIMUR;544;545;Sulawesi Tenggara;;Pudunggala Utama;20;10;0;5;5;25;0;0;35;0;0;100;20%;Buruk;;;-;-3.790558;122.46126;;
813;TIMUR;545;546;Sulawesi Tenggara;;Pudunggala;0;0;0;0;0;0;0;0;100;0;0;100;0%;Buruk;;;-;-3.767018;122.450012;;
814;TIMUR;546;547;Sulawesi Tenggara;;Tanjung Laimeo;15;10;5;25;10;15;0;5;15;0;0;100;15%;Buruk;;;-;-3.747358;122.443845;;
815;TIMUR;547;548;Sulawesi Tenggara;;Ulu Sawa1;40;40;5;5;5;5;0;0;0;0;0;100;40%;Sedang;;;-;-3.749119;122.420826;;
816;TIMUR;548;549;Sulawesi Tenggara;;Ulu Sawa2;50;0;5;3;7;15;0;10;10;0;0;100;50%;Baik;;;-;-3.744617647;122.3566067;;
817;TIMUR;549;550;Sulawesi Tenggara;;Wawolusca;60;20;5;0;3;5;0;5;2;0;0;100;60%;Baik;;;-;-3.693558;122.31105;;
818;TIMUR;550;551;Sulawesi Tenggara;;Barasanga;60;5;5;0;5;20;0;0;5;0;0;100;60%;Baik;;;-;-3.698832;122.326737;;
819;TIMUR;551;552;Sulawesi Tenggara;;Lemo Bajo;40;10;5;5;3;30;0;7;0;0;0;100;40%;Sedang;;;-;-3.702916576;122.3292222;;
820;TIMUR;552;553;Sulawesi Tenggara;;Kampoh Rina;30;5;5;0;4;20;0;26;10;0;0;100;30%;Sedang;;;-;-3.716393;122.320787;;
821;TIMUR;553;554;Sulawesi Tenggara;;Tanjung Bunga 1;13;0;2;0;4;10;0;71;0;0;0;100;13%;Buruk;;;-;-3.719638;122.339366;;
822;TIMUR;554;555;Sulawesi Tenggara;;Tanjung Bunga 2;60;5;5;0;4;10;0;16;0;0;0;100;60%;Baik;;;-;-3.715866;122.342845;;
823;TIMUR;555;556;Sulawesi Tenggara;;Taipa 1;25;20;5;5;5;15;0;25;0;0;0;100;25%;Sedang;;;-;-3.724298;122.351216;;
824;TIMUR;556;557;Sulawesi Tenggara;;Taipa 2;25;5;15;4;4;35;0;10;2;0;0;100;25%;Sedang;;;-;-3.733936;122.350144;;
825;TIMUR;557;558;Sulawesi Tenggara;;Taipa 3;50;25;5;0;7;10;0;0;3;0;0;100;50%;Baik;;;-;-3.726293;122.391361;;
826;TIMUR;558;559;Sulawesi Tenggara;;Bungkutoko;30;5;5;5;0;25;0;25;5;0;0;100;30%;Sedang;;;-;-3.996636;122.627169;;
827;TIMUR;559;560;Sulawesi Tenggara;;Sambuli;35;5;10;5;3;20;0;17;5;0;0;100;35%;Sedang;;;-;-3.9967373;122.635643;;
828;TIMUR;560;561;Sulawesi Tenggara;;Puasariri;45;5;5;5;2;30;0;8;0;0;0;100;45%;Sedang;;;-;-3.889985009;122.5934448;;
829;TIMUR;561;562;Sulawesi Tenggara;;Sappa Jambi1;40;5;10;5;9;10;0;10;11;0;0;100;40%;Sedang;;;-;-3.99811;122.68815;;
830;TIMUR;562;563;Sulawesi Tenggara;;Sappa Jambi 2;55;10;5;0;8;15;0;5;2;0;0;100;55%;Baik;;;-;-3.985464;122.686986;;
831;TIMUR;563;564;Sulawesi Tenggara;;Gusun Sappa Jambi 3;20;10;7;15;3;10;0;25;10;0;0;100;20%;Buruk;;;-;-3.976203;122.669905;;
832;TIMUR;564;565;Sulawesi Selatan;; Burung Lohe;20;0;2;3;5;40;0;10;20;0;0;100;20%;Buruk;;;-;-5.122897;120.386307;;
833;TIMUR;565;566;Sulawesi Selatan;;Burung Lohe 1;5;5;2;38;0;10;0;25;15;0;0;100;5%;Buruk;;;-;-5.11664;120.395037;;
834;TIMUR;566;567;Sulawesi Selatan;;Leangleang;75;5;5;5;0;5;0;5;0;0;0;100;75%;Baik Sekali;;;-;-5.109927;120.411013;;
835;TIMUR;567;568;Sulawesi Selatan;;Leangleang 1;5;0;0;33;2;15;5;15;25;0;0;100;5%;Buruk;;;-;-5.114875;120.422457;;
836;TIMUR;568;569;Sulawesi Selatan;;Kambuno barat;15;0;3;10;2;20;0;20;30;0;0;100;15%;Buruk;;;-;-5.092054;120.415284;;
837;TIMUR;569;570;Sulawesi Selatan;;Kambuno timur;5;0;2;30;3;0;0;25;35;0;0;100;5%;Buruk;;;-;-5.090584;120.43483;;
838;TIMUR;570;571;Sulawesi Selatan;;Kodingare timur;55;0;5;10;2;8;0;10;10;0;0;100;55%;Baik;;;-;-5.073475;120.440148;;
839;TIMUR;571;572;Sulawesi Selatan;;Kodingare barat;30;0;3;5;2;15;0;15;30;0;0;100;30%;Sedang;;;-;-5.065755;120.420484;;
840;TIMUR;572;573;Sulawesi Selatan;;Taka Mangampi;10;5;5;5;5;5;0;35;30;0;0;100;10%;Buruk;;;-;-5.094357;120.559109;;
841;TIMUR;573;574;Sulawesi Selatan;;Taka Limpunge;70;10;2;5;3;5;0;0;5;0;0;100;70%;Baik;;;-;-5.105513;120.588747;;
842;TIMUR;574;575;Sulawesi Selatan;;Taka Pesiloange 1;20;10;3;10;2;20;0;15;20;0;0;100;20%;Buruk;;;-;-5.102462;120.486089;;
843;TIMUR;575;576;Sulawesi Selatan;;Taka Pasiloange 2;30;5;2;10;3;15;0;15;20;0;0;100;30%;Sedang;;;-;-5.103815;120.475903;;
844;TIMUR;576;577;Sulawesi Selatan;; Kanalo barat;35;5;2;15;3;10;0;20;10;0;0;100;35%;Sedang;;;-;-5.04155;120.387912;;
845;TIMUR;577;578;Sulawesi Selatan;;Kanalo selatan;15;0;5;0;5;40;0;20;15;0;0;100;15%;Buruk;;;-;-5.049833;120.390592;;
846;TIMUR;578;579;Sulawesi Selatan;;Kanalo timur;20;5;2;5;3;30;0;0;35;0;0;100;20%;Buruk;;;-;-5.042027;120.399536;;
847;TIMUR;579;580;Sulawesi Selatan;;Bt Lampe utara;25;10;5;35;15;10;0;0;0;0;0;100;25%;Sedang;;;-;-5.036531;120.42228;;
848;TIMUR;580;581;Sulawesi Selatan;;Bt Lampe selatan;25;0;5;5;0;15;0;30;20;0;0;100;25%;Sedang;;;-;-5.056682;120.418392;;
849;TIMUR;581;582;Sulawesi Selatan;;Larearea barat;15;5;3;25;2;10;0;25;15;0;0;100;15%;Buruk;;;-;-5.070053;120.389702;;
